mode: set
dungeoneer/game/behavior_tracker.go:14.46,15.25 1 1
dungeoneer/game/behavior_tracker.go:15.25,17.3 1 1
dungeoneer/game/behavior_tracker.go:18.2,18.56 1 1
dungeoneer/game/behavior_tracker.go:22.48,23.23 1 1
dungeoneer/game/behavior_tracker.go:23.23,25.3 1 1
dungeoneer/game/behavior_tracker.go:26.2,26.55 1 1
dungeoneer/game/behavior_tracker.go:30.45,32.2 1 1
dungeoneer/game/behavior_tracker.go:41.52,47.2 2 1
dungeoneer/game/behavior_tracker.go:50.60,51.16 1 1
dungeoneer/game/behavior_tracker.go:51.16,53.3 1 1
dungeoneer/game/behavior_tracker.go:54.2,54.33 1 1
dungeoneer/game/behavior_tracker.go:58.56,59.16 1 1
dungeoneer/game/behavior_tracker.go:59.16,61.3 1 1
dungeoneer/game/behavior_tracker.go:62.2,63.16 2 1
dungeoneer/game/behavior_tracker.go:63.16,65.3 1 1
dungeoneer/game/behavior_tracker.go:65.8,67.3 1 1
dungeoneer/game/behavior_tracker.go:71.49,72.16 1 1
dungeoneer/game/behavior_tracker.go:72.16,74.3 1 1
dungeoneer/game/behavior_tracker.go:75.2,75.26 1 1
dungeoneer/game/behavior_tracker.go:79.63,81.10 2 1
dungeoneer/game/behavior_tracker.go:81.10,83.3 1 1
dungeoneer/game/behavior_tracker.go:84.2,84.18 1 1
dungeoneer/game/biome.go:47.59,48.30 1 1
dungeoneer/game/biome.go:48.30,49.35 1 1
dungeoneer/game/biome.go:49.35,51.4 1 1
dungeoneer/game/biome.go:53.2,53.12 1 1
dungeoneer/game/biome.go:59.74,61.2 1 1
dungeoneer/game/biome.go:140.71,188.2 1 1
dungeoneer/game/boss.game.go:12.40,14.19 2 0
dungeoneer/game/boss.game.go:14.19,15.52 1 0
dungeoneer/game/boss.game.go:15.52,17.4 1 0
dungeoneer/game/boss.game.go:19.2,29.3 4 0
dungeoneer/game/boss.game.go:34.50,38.27 3 0
dungeoneer/game/boss.game.go:38.27,41.22 3 0
dungeoneer/game/boss.game.go:41.22,44.4 2 0
dungeoneer/game/boss.game.go:46.2,46.17 1 0
dungeoneer/game/boss.game.go:46.17,48.3 1 0
dungeoneer/game/boss.game.go:51.2,52.12 2 0
dungeoneer/game/boss.game.go:52.12,54.3 1 0
dungeoneer/game/boss.game.go:56.2,58.32 2 0
dungeoneer/game/boss.game.go:59.16,61.28 2 0
dungeoneer/game/boss.game.go:62.10,63.22 1 0
dungeoneer/game/boss.game.go:67.2,67.20 1 0
dungeoneer/game/boss.game.go:72.84,73.28 1 0
dungeoneer/game/boss.game.go:73.28,75.3 1 0
dungeoneer/game/boss.game.go:77.2,81.21 5 0
dungeoneer/game/boss.game.go:81.21,84.26 3 0
dungeoneer/game/boss.game.go:84.26,87.44 3 0
dungeoneer/game/boss.game.go:87.44,88.13 1 0
dungeoneer/game/boss.game.go:90.4,91.30 2 0
dungeoneer/game/boss.game.go:91.30,93.5 1 0
dungeoneer/game/boss.game.go:94.4,94.28 1 0
dungeoneer/game/boss.game.go:97.2,97.15 1 0
dungeoneer/game/boss.game.go:101.36,116.2 4 0
dungeoneer/game/boss.game.go:121.36,122.26 1 0
dungeoneer/game/boss.game.go:122.26,125.3 2 0
dungeoneer/game/boss.game.go:126.2,132.20 7 0
dungeoneer/game/boss.game.go:137.31,138.52 1 0
dungeoneer/game/boss.game.go:138.52,140.3 1 0
dungeoneer/game/boss.game.go:141.2,142.22 2 0
dungeoneer/game/boss.game.go:142.22,144.3 1 0
dungeoneer/game/boss.game.go:145.2,145.20 1 0
dungeoneer/game/boss.game.go:145.20,148.3 2 0
dungeoneer/game/boss.game.go:153.33,154.26 1 0
dungeoneer/game/boss.game.go:154.26,156.3 1 0
dungeoneer/game/boss.game.go:157.2,158.22 2 0
dungeoneer/game/boss.game.go:158.22,160.3 1 0
dungeoneer/game/boss.game.go:161.2,161.20 1 0
dungeoneer/game/boss.game.go:161.20,163.3 1 0
dungeoneer/game/boss.game.go:167.2,168.31 2 0
dungeoneer/game/boss.game.go:168.31,169.73 1 0
dungeoneer/game/boss.game.go:169.73,171.36 2 0
dungeoneer/game/boss.game.go:171.36,173.5 1 0
dungeoneer/game/boss.game.go:174.4,175.20 2 0
dungeoneer/game/boss.game.go:177.3,178.80 2 0
dungeoneer/game/boss.game.go:182.2,182.45 1 0
dungeoneer/game/boss.game.go:182.45,185.3 2 0
dungeoneer/game/boss.game.go:187.2,187.22 1 0
dungeoneer/game/boss.game.go:191.31,192.48 1 0
dungeoneer/game/boss.game.go:192.48,194.3 1 0
dungeoneer/game/boss.game.go:195.2,195.39 1 0
dungeoneer/game/boss.game.go:195.39,197.48 2 0
dungeoneer/game/boss.game.go:197.48,200.4 2 0
dungeoneer/game/boss.game.go:205.33,206.48 1 0
dungeoneer/game/boss.game.go:206.48,208.3 1 0
dungeoneer/game/boss.game.go:209.2,209.39 1 0
dungeoneer/game/boss.game.go:209.39,211.48 2 0
dungeoneer/game/boss.game.go:211.48,214.4 2 0
dungeoneer/game/boss.game.go:220.53,221.47 1 0
dungeoneer/game/boss.game.go:221.47,222.48 1 0
dungeoneer/game/boss.game.go:222.48,224.39 2 0
dungeoneer/game/boss.game.go:224.39,226.5 1 0
dungeoneer/game/boss.game.go:232.55,235.33 2 0
dungeoneer/game/boss.game.go:235.33,238.3 2 0
dungeoneer/game/boss.game.go:240.2,240.33 1 0
dungeoneer/game/boss.game.go:240.33,243.3 2 0
dungeoneer/game/boss_selection.go:14.40,15.53 1 1
dungeoneer/game/boss_selection.go:15.53,17.3 1 1
dungeoneer/game/boss_selection.go:18.2,18.20 1 1
dungeoneer/game/damage_numbers.game.go:13.38,15.38 2 0
dungeoneer/game/damage_numbers.game.go:15.38,17.31 2 0
dungeoneer/game/damage_numbers.game.go:17.31,19.4 1 0
dungeoneer/game/damage_numbers.game.go:21.2,21.29 1 0
dungeoneer/game/damage_numbers.game.go:24.79,25.36 1 0
dungeoneer/game/damage_numbers.game.go:25.36,36.3 8 0
dungeoneer/game/damage_numbers.game.go:39.36,41.37 2 0
dungeoneer/game/damage_numbers.game.go:41.37,43.33 2 0
dungeoneer/game/damage_numbers.game.go:43.33,45.4 1 0
dungeoneer/game/damage_numbers.game.go:47.2,47.27 1 0
dungeoneer/game/damage_numbers.game.go:50.77,51.34 1 0
dungeoneer/game/damage_numbers.game.go:51.34,61.3 7 0
dungeoneer/game/deathscreen.go:14.42,15.96 1 0
dungeoneer/game/deathscreen.go:15.96,17.3 1 0
dungeoneer/game/deathscreen.go:18.2,18.12 1 0
dungeoneer/game/deathscreen.go:22.44,23.96 1 0
dungeoneer/game/deathscreen.go:23.96,25.3 1 0
dungeoneer/game/deathscreen.go:26.2,26.12 1 0
dungeoneer/game/deathscreen.go:30.54,49.23 10 0
dungeoneer/game/deathscreen.go:49.23,60.30 2 0
dungeoneer/game/deathscreen.go:60.30,63.4 2 0
dungeoneer/game/deathscreen.go:66.2,68.63 3 0
dungeoneer/game/deathscreen.go:72.56,89.23 10 0
dungeoneer/game/deathscreen.go:89.23,100.30 2 0
dungeoneer/game/deathscreen.go:100.30,103.4 2 0
dungeoneer/game/deathscreen.go:106.2,108.63 3 0
dungeoneer/game/debug.game.go:14.35,15.41 1 0
dungeoneer/game/debug.game.go:15.41,17.3 1 0
dungeoneer/game/debug.game.go:18.2,18.46 1 0
dungeoneer/game/debug.game.go:18.46,20.17 2 0
dungeoneer/game/debug.game.go:20.17,22.4 1 0
dungeoneer/game/debug.game.go:22.9,24.4 1 0
dungeoneer/game/debug.game.go:27.2,27.46 1 0
dungeoneer/game/debug.game.go:27.46,29.17 2 0
dungeoneer/game/debug.game.go:29.17,31.4 1 0
dungeoneer/game/debug.game.go:31.9,42.4 9 0
dungeoneer/game/debug.game.go:46.2,47.90 1 0
dungeoneer/game/debug.game.go:47.90,48.52 1 0
dungeoneer/game/debug.game.go:48.52,52.4 2 0
dungeoneer/game/debug.game.go:52.9,52.95 1 0
dungeoneer/game/debug.game.go:52.95,56.4 2 0
dungeoneer/game/debug.game.go:56.9,56.39 1 0
dungeoneer/game/debug.game.go:56.39,59.4 1 0
dungeoneer/game/debug.game.go:63.2,63.59 1 0
dungeoneer/game/debug.game.go:63.59,65.28 2 0
dungeoneer/game/debug.game.go:65.28,67.44 2 0
dungeoneer/game/debug.game.go:67.44,75.70 6 0
dungeoneer/game/debug.game.go:75.70,78.37 2 0
dungeoneer/game/debug.game.go:78.37,80.65 1 0
dungeoneer/game/debug.game.go:80.65,82.13 2 0
dungeoneer/game/debug.game.go:85.6,85.18 1 0
dungeoneer/game/debug.game.go:85.18,89.7 3 0
dungeoneer/game/depth_weights.game.go:6.46,9.9 2 1
dungeoneer/game/depth_weights.game.go:12.70,13.13 1 1
dungeoneer/game/depth_weights.game.go:14.28,16.23 1 1
dungeoneer/game/depth_weights.game.go:16.23,18.4 1 1
dungeoneer/game/depth_weights.game.go:19.3,19.14 1 1
dungeoneer/game/depth_weights.game.go:20.10,21.13 1 1
dungeoneer/game/depth_weights.game.go:26.36,30.2 1 1
dungeoneer/game/devtools.game.go:13.48,19.26 1 0
dungeoneer/game/devtools.game.go:19.26,19.49 1 0
dungeoneer/game/devtools.game.go:20.21,20.53 1 0
dungeoneer/game/devtools.game.go:24.26,24.47 1 0
dungeoneer/game/devtools.game.go:25.21,25.49 1 0
dungeoneer/game/devtools.game.go:29.26,29.48 1 0
dungeoneer/game/devtools.game.go:30.21,30.51 1 0
dungeoneer/game/devtools.game.go:34.26,34.49 1 0
dungeoneer/game/devtools.game.go:35.21,35.53 1 0
dungeoneer/game/devtools.game.go:40.26,40.46 1 0
dungeoneer/game/devtools.game.go:41.21,41.47 1 0
dungeoneer/game/devtools.game.go:49.26,49.71 1 0
dungeoneer/game/devtools.game.go:50.19,51.24 1 0
dungeoneer/game/devtools.game.go:51.24,53.6 1 0
dungeoneer/game/devtools.game.go:58.26,58.76 1 0
dungeoneer/game/devtools.game.go:59.19,60.43 1 0
dungeoneer/game/devtools.game.go:60.43,62.6 1 0
dungeoneer/game/devtools.game.go:67.26,67.82 1 0
dungeoneer/game/devtools.game.go:68.19,69.43 1 0
dungeoneer/game/devtools.game.go:69.43,71.6 1 0
dungeoneer/game/devtools.game.go:77.26,77.78 1 0
dungeoneer/game/devtools.game.go:78.19,79.25 1 0
dungeoneer/game/devtools.game.go:79.25,81.6 1 0
dungeoneer/game/devtools.game.go:89.26,89.54 1 0
dungeoneer/game/devtools.game.go:90.21,90.63 1 0
dungeoneer/game/devtools.game.go:94.26,94.56 1 0
dungeoneer/game/devtools.game.go:95.21,95.67 1 0
dungeoneer/game/devtools.game.go:99.26,99.54 1 0
dungeoneer/game/devtools.game.go:100.21,100.63 1 0
dungeoneer/game/devtools.game.go:104.26,104.52 1 0
dungeoneer/game/devtools.game.go:105.21,105.59 1 0
dungeoneer/game/devtools.game.go:109.26,109.51 1 0
dungeoneer/game/devtools.game.go:110.21,110.57 1 0
dungeoneer/game/devtools.game.go:114.26,114.59 1 0
dungeoneer/game/devtools.game.go:115.21,115.73 1 0
dungeoneer/game/devtools.game.go:122.19,123.52 1 0
dungeoneer/game/devtools.game.go:123.52,126.6 2 0
dungeoneer/game/devtools.game.go:131.19,132.54 1 0
dungeoneer/game/devtools.game.go:132.54,135.6 2 0
dungeoneer/game/devtools.game.go:143.26,143.46 1 0
dungeoneer/game/devtools.game.go:144.21,144.47 1 0
dungeoneer/game/devtools.game.go:148.26,148.46 1 0
dungeoneer/game/devtools.game.go:149.21,149.47 1 0
dungeoneer/game/devtools.game.go:153.19,154.24 1 0
dungeoneer/game/devtools.game.go:154.24,157.6 2 0
dungeoneer/game/devtools.game.go:165.26,165.90 1 0
dungeoneer/game/devtools.game.go:166.21,166.84 1 0
dungeoneer/game/devtools.game.go:170.26,170.90 1 0
dungeoneer/game/devtools.game.go:171.21,171.84 1 0
dungeoneer/game/devtools.game.go:175.26,175.91 1 0
dungeoneer/game/devtools.game.go:176.21,176.83 1 0
dungeoneer/game/devtools.game.go:180.26,180.83 1 0
dungeoneer/game/devtools.game.go:181.21,181.74 1 0
dungeoneer/game/devtools.game.go:185.26,185.84 1 0
dungeoneer/game/devtools.game.go:186.21,186.75 1 0
dungeoneer/game/devtools.game.go:190.26,190.86 1 0
dungeoneer/game/devtools.game.go:191.21,191.80 1 0
dungeoneer/game/devtools.game.go:195.26,195.87 1 0
dungeoneer/game/devtools.game.go:196.21,196.79 1 0
dungeoneer/game/devtools.game.go:200.26,200.88 1 0
dungeoneer/game/devtools.game.go:201.21,201.80 1 0
dungeoneer/game/devtools.game.go:205.26,205.88 1 0
dungeoneer/game/devtools.game.go:206.21,206.80 1 0
dungeoneer/game/devtools.game.go:210.26,210.94 1 0
dungeoneer/game/devtools.game.go:211.21,211.86 1 0
dungeoneer/game/devtools.game.go:215.26,215.92 1 0
dungeoneer/game/devtools.game.go:216.21,216.84 1 0
dungeoneer/game/devtools.game.go:220.26,220.93 1 0
dungeoneer/game/devtools.game.go:221.21,221.85 1 0
dungeoneer/game/devtools.game.go:228.26,228.94 1 0
dungeoneer/game/devtools.game.go:229.19,230.24 1 0
dungeoneer/game/devtools.game.go:230.24,232.6 1 0
dungeoneer/game/devtools.game.go:233.5,234.29 2 0
dungeoneer/game/devtools.game.go:234.29,236.6 1 0
dungeoneer/game/devtools.game.go:237.5,238.42 2 0
dungeoneer/game/devtools.game.go:238.42,240.6 1 0
dungeoneer/game/devtools.game.go:241.5,241.28 1 0
dungeoneer/game/devtools.game.go:246.26,246.92 1 0
dungeoneer/game/devtools.game.go:247.19,248.24 1 0
dungeoneer/game/devtools.game.go:248.24,250.6 1 0
dungeoneer/game/devtools.game.go:251.5,252.85 2 0
dungeoneer/game/devtools.game.go:252.85,254.6 1 0
dungeoneer/game/devtools.game.go:255.5,256.42 2 0
dungeoneer/game/devtools.game.go:256.42,258.6 1 0
dungeoneer/game/devtools.game.go:259.5,259.28 1 0
dungeoneer/game/devtools.game.go:266.79,267.21 1 0
dungeoneer/game/devtools.game.go:267.21,269.3 1 0
dungeoneer/game/devtools.game.go:270.2,270.36 1 0
dungeoneer/game/devtools.game.go:270.36,274.41 3 0
dungeoneer/game/devtools.game.go:274.41,275.22 1 0
dungeoneer/game/devtools.game.go:275.22,277.5 1 0
dungeoneer/game/devtools.game.go:279.3,279.33 1 0
dungeoneer/game/devtools.game.go:280.8,282.69 2 0
dungeoneer/game/devtools.game.go:282.69,284.4 1 0
dungeoneer/game/draw.game.go:37.43,40.17 2 0
dungeoneer/game/draw.game.go:41.21,42.33 1 0
dungeoneer/game/draw.game.go:43.21,44.25 1 0
dungeoneer/game/draw.game.go:45.24,46.28 1 0
dungeoneer/game/draw.game.go:47.26,48.30 1 0
dungeoneer/game/draw.game.go:49.21,50.27 1 0
dungeoneer/game/draw.game.go:51.20,52.30 1 0
dungeoneer/game/draw.game.go:53.20,54.32 1 0
dungeoneer/game/draw.game.go:57.2,57.67 1 0
dungeoneer/game/draw.game.go:57.67,58.65 1 0
dungeoneer/game/draw.game.go:58.65,60.4 1 0
dungeoneer/game/draw.game.go:60.9,60.74 1 0
dungeoneer/game/draw.game.go:60.74,62.4 1 0
dungeoneer/game/draw.game.go:62.9,62.70 1 0
dungeoneer/game/draw.game.go:62.70,64.4 1 0
dungeoneer/game/draw.game.go:64.9,64.63 1 0
dungeoneer/game/draw.game.go:64.63,66.4 1 0
dungeoneer/game/draw.game.go:66.9,68.55 2 0
dungeoneer/game/draw.game.go:68.55,70.5 1 0
dungeoneer/game/draw.game.go:74.2,74.45 1 0
dungeoneer/game/draw.game.go:74.45,76.3 1 0
dungeoneer/game/draw.game.go:77.2,77.51 1 0
dungeoneer/game/draw.game.go:77.51,79.3 1 0
dungeoneer/game/draw.game.go:81.2,81.77 1 0
dungeoneer/game/draw.game.go:81.77,83.3 1 0
dungeoneer/game/draw.game.go:84.2,84.53 1 0
dungeoneer/game/draw.game.go:84.53,86.3 1 0
dungeoneer/game/draw.game.go:87.2,87.84 1 0
dungeoneer/game/draw.game.go:87.84,89.3 1 0
dungeoneer/game/draw.game.go:90.2,90.20 1 0
dungeoneer/game/draw.game.go:90.20,92.3 1 0
dungeoneer/game/draw.game.go:92.8,94.3 1 0
dungeoneer/game/draw.game.go:96.2,96.21 1 0
dungeoneer/game/draw.game.go:96.21,98.3 1 0
dungeoneer/game/draw.game.go:100.2,100.26 1 0
dungeoneer/game/draw.game.go:100.26,102.3 1 0
dungeoneer/game/draw.game.go:103.2,103.19 1 0
dungeoneer/game/draw.game.go:103.19,105.3 1 0
dungeoneer/game/draw.game.go:106.2,106.29 1 0
dungeoneer/game/draw.game.go:106.29,108.3 1 0
dungeoneer/game/draw.game.go:109.2,109.25 1 0
dungeoneer/game/draw.game.go:109.25,111.3 1 0
dungeoneer/game/draw.game.go:112.2,112.26 1 0
dungeoneer/game/draw.game.go:112.26,114.3 1 0
dungeoneer/game/draw.game.go:116.2,116.25 1 0
dungeoneer/game/draw.game.go:116.25,118.3 1 0
dungeoneer/game/draw.game.go:121.67,123.2 1 0
dungeoneer/game/draw.game.go:125.51,128.2 2 0
dungeoneer/game/draw.game.go:130.73,134.30 2 0
dungeoneer/game/draw.game.go:134.30,141.3 6 0
dungeoneer/game/draw.game.go:142.2,149.43 2 0
dungeoneer/game/draw.game.go:149.43,151.3 1 0
dungeoneer/game/draw.game.go:153.2,156.29 3 0
dungeoneer/game/draw.game.go:156.29,170.32 9 0
dungeoneer/game/draw.game.go:170.32,176.4 3 0
dungeoneer/game/draw.game.go:178.3,178.28 1 0
dungeoneer/game/draw.game.go:181.2,181.23 1 0
dungeoneer/game/draw.game.go:181.23,184.3 2 0
dungeoneer/game/draw.game.go:187.72,188.36 1 0
dungeoneer/game/draw.game.go:188.36,190.19 2 0
dungeoneer/game/draw.game.go:190.19,191.43 1 0
dungeoneer/game/draw.game.go:191.43,193.5 1 0
dungeoneer/game/draw.game.go:198.66,202.16 4 0
dungeoneer/game/draw.game.go:202.16,206.3 3 0
dungeoneer/game/draw.game.go:207.2,210.32 4 0
dungeoneer/game/draw.game.go:210.32,212.3 1 0
dungeoneer/game/draw.game.go:213.2,230.16 11 0
dungeoneer/game/draw.game.go:230.16,236.3 5 0
dungeoneer/game/draw.game.go:238.2,238.41 1 0
dungeoneer/game/draw.game.go:238.41,245.3 6 0
dungeoneer/game/draw.game.go:246.2,246.31 1 0
dungeoneer/game/draw.game.go:246.31,248.24 1 0
dungeoneer/game/draw.game.go:248.24,251.4 2 0
dungeoneer/game/draw.game.go:252.3,252.24 1 0
dungeoneer/game/draw.game.go:252.24,254.18 2 0
dungeoneer/game/draw.game.go:254.18,256.5 1 0
dungeoneer/game/draw.game.go:259.3,260.22 2 0
dungeoneer/game/draw.game.go:260.22,261.49 1 0
dungeoneer/game/draw.game.go:261.49,262.19 1 0
dungeoneer/game/draw.game.go:262.19,263.14 1 0
dungeoneer/game/draw.game.go:265.5,265.85 1 0
dungeoneer/game/draw.game.go:268.3,268.31 1 0
dungeoneer/game/draw.game.go:271.2,271.81 1 0
dungeoneer/game/draw.game.go:271.81,273.26 2 0
dungeoneer/game/draw.game.go:273.26,276.4 2 0
dungeoneer/game/draw.game.go:277.3,278.22 2 0
dungeoneer/game/draw.game.go:278.22,281.4 2 0
dungeoneer/game/draw.game.go:282.3,289.4 1 0
dungeoneer/game/draw.game.go:291.2,291.22 1 0
dungeoneer/game/draw.game.go:291.22,293.3 1 0
dungeoneer/game/draw.game.go:294.2,295.51 2 0
dungeoneer/game/draw.game.go:295.51,297.3 1 0
dungeoneer/game/draw.game.go:298.2,298.58 1 0
dungeoneer/game/draw.game.go:298.58,300.3 1 0
dungeoneer/game/draw.game.go:301.2,301.54 1 0
dungeoneer/game/draw.game.go:301.54,303.3 1 0
dungeoneer/game/draw.game.go:304.2,304.22 1 0
dungeoneer/game/draw.game.go:304.22,306.3 1 0
dungeoneer/game/draw.game.go:307.2,307.23 1 0
dungeoneer/game/draw.game.go:307.23,309.3 1 0
dungeoneer/game/draw.game.go:311.2,311.24 1 0
dungeoneer/game/draw.game.go:311.24,313.3 1 0
dungeoneer/game/draw.game.go:316.85,317.27 1 0
dungeoneer/game/draw.game.go:317.27,319.3 1 0
dungeoneer/game/draw.game.go:320.2,320.48 1 0
dungeoneer/game/draw.game.go:320.48,322.3 1 0
dungeoneer/game/draw.game.go:324.2,324.20 1 0
dungeoneer/game/draw.game.go:324.20,326.22 1 0
dungeoneer/game/draw.game.go:326.22,328.4 1 0
dungeoneer/game/draw.game.go:332.3,332.32 1 0
dungeoneer/game/draw.game.go:332.32,333.28 1 0
dungeoneer/game/draw.game.go:333.28,334.13 1 0
dungeoneer/game/draw.game.go:336.4,337.14 2 0
dungeoneer/game/draw.game.go:337.14,339.5 1 0
dungeoneer/game/draw.game.go:340.4,340.132 1 0
dungeoneer/game/draw.game.go:344.3,344.37 1 0
dungeoneer/game/draw.game.go:344.37,346.43 2 0
dungeoneer/game/draw.game.go:346.43,347.13 1 0
dungeoneer/game/draw.game.go:349.4,349.122 1 0
dungeoneer/game/draw.game.go:351.3,351.42 1 0
dungeoneer/game/draw.game.go:351.42,352.30 1 0
dungeoneer/game/draw.game.go:352.30,353.13 1 0
dungeoneer/game/draw.game.go:355.4,355.119 1 0
dungeoneer/game/draw.game.go:359.2,359.28 1 0
dungeoneer/game/draw.game.go:359.28,361.28 1 0
dungeoneer/game/draw.game.go:361.28,362.35 1 0
dungeoneer/game/draw.game.go:362.35,363.13 1 0
dungeoneer/game/draw.game.go:365.4,366.14 2 0
dungeoneer/game/draw.game.go:366.14,368.5 1 0
dungeoneer/game/draw.game.go:369.4,369.124 1 0
dungeoneer/game/draw.game.go:373.3,373.68 1 0
dungeoneer/game/draw.game.go:373.68,385.4 2 0
dungeoneer/game/draw.game.go:388.3,388.58 1 0
dungeoneer/game/draw.game.go:388.58,400.4 2 0
dungeoneer/game/draw.game.go:405.157,406.22 1 0
dungeoneer/game/draw.game.go:406.22,408.3 1 0
dungeoneer/game/draw.game.go:410.2,415.12 4 0
dungeoneer/game/draw.game.go:415.12,417.3 1 0
dungeoneer/game/draw.game.go:420.2,422.18 3 0
dungeoneer/game/draw.game.go:422.18,424.3 1 0
dungeoneer/game/draw.game.go:425.2,427.66 2 0
dungeoneer/game/draw.game.go:430.82,431.43 1 0
dungeoneer/game/draw.game.go:431.43,433.3 1 0
dungeoneer/game/draw.game.go:434.2,440.40 6 0
dungeoneer/game/draw.game.go:440.40,441.41 1 0
dungeoneer/game/draw.game.go:441.41,443.38 2 0
dungeoneer/game/draw.game.go:443.38,444.13 1 0
dungeoneer/game/draw.game.go:446.4,458.70 11 0
dungeoneer/game/draw.game.go:463.153,464.12 1 0
dungeoneer/game/draw.game.go:464.12,466.3 1 0
dungeoneer/game/draw.game.go:467.2,469.33 3 0
dungeoneer/game/draw.game.go:469.33,474.12 5 0
dungeoneer/game/draw.game.go:474.12,476.4 1 0
dungeoneer/game/draw.game.go:477.3,477.24 1 0
dungeoneer/game/draw.game.go:481.126,484.33 3 0
dungeoneer/game/draw.game.go:484.33,488.12 4 0
dungeoneer/game/draw.game.go:488.12,490.4 1 0
dungeoneer/game/draw.game.go:491.3,491.22 1 0
dungeoneer/game/draw.game.go:495.102,497.18 2 0
dungeoneer/game/draw.game.go:497.18,501.3 3 0
dungeoneer/game/draw.game.go:502.2,504.33 3 0
dungeoneer/game/draw.game.go:507.73,508.49 1 0
dungeoneer/game/draw.game.go:508.49,510.3 1 0
dungeoneer/game/draw.game.go:512.2,518.106 7 0
dungeoneer/game/draw.game.go:523.79,524.81 1 0
dungeoneer/game/draw.game.go:524.81,526.3 1 0
dungeoneer/game/draw.game.go:527.2,543.65 13 0
dungeoneer/game/draw.game.go:548.64,549.34 1 0
dungeoneer/game/draw.game.go:549.34,551.3 1 0
dungeoneer/game/draw.game.go:553.2,554.34 2 0
dungeoneer/game/draw.game.go:554.34,556.3 1 0
dungeoneer/game/draw.game.go:557.2,579.35 19 0
dungeoneer/game/draw.game.go:582.76,591.40 6 0
dungeoneer/game/draw.game.go:591.40,592.41 1 0
dungeoneer/game/draw.game.go:592.41,594.19 2 0
dungeoneer/game/draw.game.go:594.19,595.13 1 0
dungeoneer/game/draw.game.go:598.4,603.94 4 0
dungeoneer/game/draw.game.go:603.94,604.13 1 0
dungeoneer/game/draw.game.go:607.4,611.26 3 0
dungeoneer/game/draw.game.go:611.26,612.13 1 0
dungeoneer/game/draw.game.go:615.4,615.35 1 0
dungeoneer/game/draw.game.go:615.35,616.46 1 0
dungeoneer/game/draw.game.go:616.46,617.14 1 0
dungeoneer/game/draw.game.go:619.5,620.26 2 0
dungeoneer/game/draw.game.go:620.26,622.6 1 0
dungeoneer/game/draw.game.go:623.5,623.34 1 0
dungeoneer/game/draw.game.go:629.77,630.27 1 0
dungeoneer/game/draw.game.go:630.27,632.3 1 0
dungeoneer/game/draw.game.go:633.2,633.70 1 0
dungeoneer/game/draw.game.go:633.70,635.3 1 0
dungeoneer/game/draw.game.go:637.2,638.23 2 0
dungeoneer/game/draw.game.go:638.23,639.41 1 0
dungeoneer/game/draw.game.go:639.41,640.42 1 0
dungeoneer/game/draw.game.go:640.42,642.16 2 0
dungeoneer/game/draw.game.go:642.16,643.14 1 0
dungeoneer/game/draw.game.go:645.5,647.15 3 0
dungeoneer/game/draw.game.go:647.15,649.6 1 0
dungeoneer/game/draw.game.go:650.5,656.43 7 0
dungeoneer/game/draw.game.go:661.2,661.25 1 0
dungeoneer/game/draw.game.go:661.25,662.34 1 0
dungeoneer/game/draw.game.go:662.34,667.4 4 0
dungeoneer/game/draw.game.go:669.2,669.23 1 0
dungeoneer/game/draw.game.go:669.23,670.32 1 0
dungeoneer/game/draw.game.go:670.32,675.4 4 0
dungeoneer/game/draw.game.go:678.2,678.21 1 0
dungeoneer/game/draw.game.go:678.21,679.41 1 0
dungeoneer/game/draw.game.go:679.41,680.42 1 0
dungeoneer/game/draw.game.go:680.42,682.51 2 0
dungeoneer/game/draw.game.go:682.51,683.14 1 0
dungeoneer/game/draw.game.go:685.5,687.28 3 0
dungeoneer/game/draw.game.go:687.28,689.6 1 0
dungeoneer/game/draw.game.go:689.11,691.6 1 0
dungeoneer/game/draw.game.go:692.5,692.43 1 0
dungeoneer/game/draw.game.go:698.77,699.21 1 0
dungeoneer/game/draw.game.go:699.21,701.3 1 0
dungeoneer/game/draw.game.go:703.2,703.44 1 0
dungeoneer/game/draw.game.go:703.44,704.91 1 0
dungeoneer/game/draw.game.go:704.91,705.12 1 0
dungeoneer/game/draw.game.go:708.3,711.45 4 0
dungeoneer/game/draw.game.go:716.90,726.2 6 0
dungeoneer/game/draw.game.go:734.45,735.77 1 0
dungeoneer/game/draw.game.go:735.77,737.3 1 0
dungeoneer/game/draw.game.go:738.2,738.73 1 0
dungeoneer/game/draw.game.go:742.83,755.33 3 0
dungeoneer/game/draw.game.go:755.33,757.3 1 0
dungeoneer/game/draw.game.go:758.2,758.111 1 0
dungeoneer/game/dungeon_ai.go:24.59,25.23 1 1
dungeoneer/game/dungeon_ai.go:25.23,27.3 1 0
dungeoneer/game/dungeon_ai.go:29.2,31.28 3 1
dungeoneer/game/dungeon_ai.go:31.28,33.26 2 1
dungeoneer/game/dungeon_ai.go:33.26,35.4 1 1
dungeoneer/game/dungeon_ai.go:36.3,40.19 5 1
dungeoneer/game/dungeon_ai.go:42.2,46.10 5 1
dungeoneer/game/dungeon_ai.go:51.45,52.9 1 1
dungeoneer/game/dungeon_ai.go:53.25,54.22 1 1
dungeoneer/game/dungeon_ai.go:55.30,56.23 1 1
dungeoneer/game/dungeon_ai.go:57.28,58.22 1 1
dungeoneer/game/dungeon_ai.go:59.29,60.21 1 1
dungeoneer/game/dungeon_ai.go:61.10,62.21 1 1
dungeoneer/game/dungeon_ai.go:75.56,76.14 1 1
dungeoneer/game/dungeon_ai.go:77.20,78.104 1 1
dungeoneer/game/dungeon_ai.go:79.21,80.103 1 1
dungeoneer/game/dungeon_ai.go:81.20,82.103 1 0
dungeoneer/game/dungeon_ai.go:83.19,84.103 1 0
dungeoneer/game/dungeon_ai.go:85.10,86.26 1 0
dungeoneer/game/dungeon_ai.go:100.57,102.21 2 0
dungeoneer/game/dungeon_ai.go:102.21,104.3 1 0
dungeoneer/game/dungeon_ai.go:105.2,105.35 1 0
dungeoneer/game/dungeon_ai.go:109.40,112.34 3 0
dungeoneer/game/dungeon_ai.go:112.34,114.3 1 0
dungeoneer/game/dungeon_ai.go:115.2,115.19 1 0
dungeoneer/game/echo_recorder.go:43.44,47.2 3 1
dungeoneer/game/echo_recorder.go:51.70,52.15 1 1
dungeoneer/game/echo_recorder.go:52.15,54.3 1 0
dungeoneer/game/echo_recorder.go:55.2,56.39 2 1
dungeoneer/game/echo_recorder.go:56.39,66.36 3 1
dungeoneer/game/echo_recorder.go:66.36,68.4 1 0
dungeoneer/game/echo_recorder.go:73.110,74.15 1 0
dungeoneer/game/echo_recorder.go:74.15,76.3 1 0
dungeoneer/game/echo_recorder.go:77.2,84.51 7 0
dungeoneer/game/echo_recorder.go:84.51,87.3 2 0
dungeoneer/game/echo_recorder.go:88.2,90.16 3 0
dungeoneer/game/echo_recorder.go:90.16,92.3 1 0
dungeoneer/game/echo_recorder.go:93.2,93.55 1 0
dungeoneer/game/echo_recorder.go:93.55,96.3 2 0
dungeoneer/game/echo_recorder.go:99.2,100.39 2 0
dungeoneer/game/echo_recorder.go:100.39,104.3 3 0
dungeoneer/game/echo_recorder.go:108.57,110.2 1 1
dungeoneer/game/echo_recorder.go:113.55,115.16 2 1
dungeoneer/game/echo_recorder.go:115.16,117.3 1 0
dungeoneer/game/echo_recorder.go:118.2,119.51 2 1
dungeoneer/game/echo_recorder.go:119.51,121.3 1 0
dungeoneer/game/echo_recorder.go:122.2,122.18 1 1
dungeoneer/game/echo_recorder.go:126.72,128.34 2 1
dungeoneer/game/echo_recorder.go:128.34,129.23 1 1
dungeoneer/game/echo_recorder.go:129.23,131.4 1 1
dungeoneer/game/echo_recorder.go:133.2,133.12 1 1
dungeoneer/game/encounters.go:86.39,88.12 2 0
dungeoneer/game/encounters.go:88.12,90.3 1 0
dungeoneer/game/encounters.go:91.2,91.25 1 0
dungeoneer/game/encounters.go:95.38,96.18 1 0
dungeoneer/game/encounters.go:96.18,98.3 1 0
dungeoneer/game/encounters.go:99.2,99.16 1 0
dungeoneer/game/encounters.go:103.52,105.30 2 0
dungeoneer/game/encounters.go:105.30,107.3 1 0
dungeoneer/game/encounters.go:108.2,108.10 1 0
dungeoneer/game/encounters.go:112.81,119.39 4 0
dungeoneer/game/encounters.go:119.39,120.25 1 0
dungeoneer/game/encounters.go:120.25,121.12 1 0
dungeoneer/game/encounters.go:123.3,123.43 1 0
dungeoneer/game/encounters.go:123.43,124.12 1 0
dungeoneer/game/encounters.go:126.3,126.41 1 0
dungeoneer/game/encounters.go:126.41,127.12 1 0
dungeoneer/game/encounters.go:129.3,129.23 1 0
dungeoneer/game/encounters.go:131.2,131.12 1 0
dungeoneer/game/encounters.go:135.69,136.25 1 0
dungeoneer/game/encounters.go:136.25,138.3 1 0
dungeoneer/game/encounters.go:139.2,140.30 2 0
dungeoneer/game/encounters.go:140.30,142.3 1 0
dungeoneer/game/encounters.go:143.2,144.27 2 0
dungeoneer/game/encounters.go:144.27,146.13 2 0
dungeoneer/game/encounters.go:146.13,148.4 1 0
dungeoneer/game/encounters.go:150.2,150.37 1 0
dungeoneer/game/encounters.go:155.117,157.54 1 0
dungeoneer/game/encounters.go:157.54,159.28 2 0
dungeoneer/game/encounters.go:159.28,160.29 1 0
dungeoneer/game/encounters.go:160.29,161.58 1 0
dungeoneer/game/encounters.go:161.58,163.6 1 0
dungeoneer/game/encounters.go:166.3,166.27 1 0
dungeoneer/game/encounters.go:166.27,168.4 1 0
dungeoneer/game/encounters.go:169.3,170.26 2 0
dungeoneer/game/encounters.go:173.2,174.13 2 0
dungeoneer/game/encounters.go:175.21,177.60 1 0
dungeoneer/game/encounters.go:177.60,179.4 1 0
dungeoneer/game/encounters.go:180.3,180.40 1 0
dungeoneer/game/encounters.go:182.19,185.67 2 0
dungeoneer/game/encounters.go:187.20,189.70 1 0
dungeoneer/game/encounters.go:191.20,194.43 2 0
dungeoneer/game/encounters.go:194.43,195.44 1 0
dungeoneer/game/encounters.go:195.44,197.56 1 0
dungeoneer/game/encounters.go:197.56,199.6 1 0
dungeoneer/game/encounters.go:202.3,202.27 1 0
dungeoneer/game/encounters.go:202.27,204.4 1 0
dungeoneer/game/encounters.go:205.3,206.26 2 0
dungeoneer/game/encounters.go:208.24,209.62 1 0
dungeoneer/game/encounters.go:211.10,212.62 1 0
dungeoneer/game/encounters.go:217.61,218.18 1 0
dungeoneer/game/encounters.go:219.16,220.39 1 0
dungeoneer/game/encounters.go:221.16,222.39 1 0
dungeoneer/game/encounters.go:223.16,224.39 1 0
dungeoneer/game/encounters.go:225.15,226.38 1 0
dungeoneer/game/encounters.go:227.16,228.39 1 0
dungeoneer/game/encounters.go:229.10,230.46 1 0
dungeoneer/game/encounters.go:235.57,236.62 1 0
dungeoneer/game/encounters.go:236.62,240.3 2 0
dungeoneer/game/encounters.go:242.2,246.25 3 0
dungeoneer/game/encounters.go:246.25,248.3 1 0
dungeoneer/game/encounters.go:251.2,251.30 1 0
dungeoneer/game/encounters.go:251.30,252.31 1 0
dungeoneer/game/encounters.go:252.31,254.4 1 0
dungeoneer/game/encounters.go:258.2,260.42 3 0
dungeoneer/game/encounters.go:260.42,260.85 1 0
dungeoneer/game/encounters.go:263.2,265.23 2 0
dungeoneer/game/encounters.go:265.23,266.18 1 0
dungeoneer/game/encounters.go:266.18,267.9 1 0
dungeoneer/game/encounters.go:269.3,270.58 2 0
dungeoneer/game/encounters.go:270.58,271.12 1 0
dungeoneer/game/encounters.go:273.3,273.37 1 0
dungeoneer/game/encounters.go:273.37,274.12 1 0
dungeoneer/game/encounters.go:277.3,280.18 4 0
dungeoneer/game/encounters.go:280.18,281.12 1 0
dungeoneer/game/encounters.go:284.3,285.20 2 0
dungeoneer/game/encounters.go:285.20,286.12 1 0
dungeoneer/game/encounters.go:289.3,292.31 4 0
dungeoneer/game/encounters.go:292.31,293.23 1 0
dungeoneer/game/encounters.go:293.23,295.5 1 0
dungeoneer/game/encounters.go:301.144,305.36 3 0
dungeoneer/game/encounters.go:305.36,308.22 3 0
dungeoneer/game/encounters.go:308.22,311.4 1 0
dungeoneer/game/encounters.go:312.3,312.22 1 0
dungeoneer/game/encounters.go:312.22,313.12 1 0
dungeoneer/game/encounters.go:316.3,317.20 2 0
dungeoneer/game/encounters.go:317.20,318.12 1 0
dungeoneer/game/encounters.go:321.3,321.30 1 0
dungeoneer/game/encounters.go:321.30,323.11 2 0
dungeoneer/game/encounters.go:323.11,324.13 1 0
dungeoneer/game/encounters.go:326.4,329.25 3 0
dungeoneer/game/encounters.go:329.25,331.5 1 0
dungeoneer/game/encounters.go:333.4,356.59 4 0
dungeoneer/game/encounters.go:356.59,361.5 1 0
dungeoneer/game/encounters.go:363.4,363.28 1 0
dungeoneer/game/encounters.go:363.28,365.5 1 0
dungeoneer/game/encounters.go:366.4,366.32 1 0
dungeoneer/game/encounters.go:371.2,371.31 1 0
dungeoneer/game/encounters.go:371.31,373.3 1 0
dungeoneer/game/encounters.go:375.2,375.16 1 0
dungeoneer/game/encounters.go:381.94,382.57 1 0
dungeoneer/game/encounters.go:382.57,384.3 1 0
dungeoneer/game/encounters.go:385.2,387.21 3 0
dungeoneer/game/encounters.go:387.21,389.81 2 0
dungeoneer/game/encounters.go:389.81,391.4 1 0
dungeoneer/game/encounters.go:392.3,392.56 1 0
dungeoneer/game/encounters.go:392.56,394.4 1 0
dungeoneer/game/encounters.go:396.2,396.12 1 0
dungeoneer/game/encounters.go:400.49,402.27 2 0
dungeoneer/game/encounters.go:402.27,403.35 1 0
dungeoneer/game/encounters.go:403.35,405.4 1 0
dungeoneer/game/encounters.go:407.2,407.14 1 0
dungeoneer/game/encounters.go:411.61,412.24 1 0
dungeoneer/game/encounters.go:412.24,413.43 1 0
dungeoneer/game/encounters.go:413.43,415.4 1 0
dungeoneer/game/encounters.go:417.2,417.12 1 0
dungeoneer/game/entities.game.go:12.43,14.31 1 0
dungeoneer/game/entities.game.go:14.31,15.36 1 0
dungeoneer/game/entities.game.go:15.36,18.4 2 0
dungeoneer/game/entities.game.go:20.3,20.38 1 0
dungeoneer/game/entities.game.go:20.38,22.4 1 0
dungeoneer/game/entities.game.go:23.3,23.40 1 0
dungeoneer/game/entities.game.go:27.2,28.41 2 0
dungeoneer/game/entities.game.go:28.41,30.70 2 0
dungeoneer/game/entities.game.go:30.70,33.4 2 0
dungeoneer/game/entities.game.go:34.3,34.18 1 0
dungeoneer/game/entities.game.go:34.18,36.4 1 0
dungeoneer/game/entities.game.go:39.2,39.58 1 0
dungeoneer/game/entities.game.go:39.58,41.3 1 0
dungeoneer/game/entities.game.go:42.2,42.30 1 0
dungeoneer/game/entities.game.go:45.84,47.41 2 0
dungeoneer/game/entities.game.go:47.41,49.3 1 0
dungeoneer/game/entities.game.go:53.64,54.22 1 0
dungeoneer/game/entities.game.go:55.18,59.46 4 0
dungeoneer/game/game.go:192.52,193.39 1 0
dungeoneer/game/game.go:193.39,195.3 1 0
dungeoneer/game/game.go:197.2,199.21 3 0
dungeoneer/game/game.go:199.21,201.3 1 0
dungeoneer/game/game.go:202.2,202.27 1 0
dungeoneer/game/game.go:217.31,219.16 2 0
dungeoneer/game/game.go:219.16,221.3 1 0
dungeoneer/game/game.go:222.2,223.16 2 0
dungeoneer/game/game.go:223.16,225.3 1 0
dungeoneer/game/game.go:226.2,232.41 4 0
dungeoneer/game/game.go:232.41,233.62 1 0
dungeoneer/game/game.go:233.62,235.4 1 0
dungeoneer/game/game.go:238.2,238.49 1 0
dungeoneer/game/game.go:238.49,240.3 1 0
dungeoneer/game/game.go:243.2,246.62 2 0
dungeoneer/game/game.go:246.62,248.3 1 0
dungeoneer/game/game.go:250.2,279.50 4 0
dungeoneer/game/game.go:279.50,281.3 1 0
dungeoneer/game/game.go:282.2,284.67 3 0
dungeoneer/game/game.go:284.68,284.69 0 0
dungeoneer/game/game.go:285.2,291.16 7 0
dungeoneer/game/game.go:291.16,293.3 1 0
dungeoneer/game/game.go:295.2,298.30 2 0
dungeoneer/game/game.go:298.30,307.4 8 0
dungeoneer/game/game.go:308.10,310.4 1 0
dungeoneer/game/game.go:312.2,313.30 1 0
dungeoneer/game/game.go:313.30,315.4 1 0
dungeoneer/game/game.go:316.10,318.4 1 0
dungeoneer/game/game.go:320.2,338.86 2 0
dungeoneer/game/game.go:338.86,348.3 9 0
dungeoneer/game/game.go:348.12,350.3 1 0
dungeoneer/game/game.go:351.2,352.10 1 0
dungeoneer/game/game.go:352.10,362.4 9 0
dungeoneer/game/game.go:363.10,363.55 1 0
dungeoneer/game/game.go:364.10,364.53 1 0
dungeoneer/game/game.go:368.2,369.24 1 0
dungeoneer/game/game.go:369.24,369.42 1 0
dungeoneer/game/game.go:370.24,370.38 1 0
dungeoneer/game/game.go:371.24,371.43 1 0
dungeoneer/game/game.go:372.24,372.71 1 0
dungeoneer/game/game.go:373.24,373.72 1 0
dungeoneer/game/game.go:374.24,374.70 1 0
dungeoneer/game/game.go:375.24,381.27 2 0
dungeoneer/game/game.go:381.27,384.20 3 0
dungeoneer/game/game.go:384.20,386.7 1 0
dungeoneer/game/game.go:386.12,389.7 2 0
dungeoneer/game/game.go:391.12,394.6 2 0
dungeoneer/game/game.go:396.4,396.44 1 0
dungeoneer/game/game.go:398.23,404.27 2 0
dungeoneer/game/game.go:404.27,407.20 3 0
dungeoneer/game/game.go:407.20,409.7 1 0
dungeoneer/game/game.go:409.12,412.7 2 0
dungeoneer/game/game.go:414.12,417.6 2 0
dungeoneer/game/game.go:419.4,419.44 1 0
dungeoneer/game/game.go:422.2,427.31 5 0
dungeoneer/game/game.go:427.31,430.3 2 0
dungeoneer/game/game.go:433.2,454.64 18 0
dungeoneer/game/game.go:454.64,455.50 1 0
dungeoneer/game/game.go:455.50,457.4 1 0
dungeoneer/game/game.go:458.3,462.40 5 0
dungeoneer/game/game.go:465.2,465.31 1 0
dungeoneer/game/game.go:465.31,466.21 1 0
dungeoneer/game/game.go:466.21,468.4 1 0
dungeoneer/game/game.go:471.2,471.15 1 0
dungeoneer/game/game.go:475.46,477.14 2 0
dungeoneer/game/game.go:477.14,479.3 1 0
dungeoneer/game/game.go:480.2,480.24 1 0
dungeoneer/game/game.go:480.24,482.3 1 0
dungeoneer/game/game.go:483.2,483.22 1 0
dungeoneer/game/game.go:483.22,485.3 1 0
dungeoneer/game/game.go:486.2,488.18 3 0
dungeoneer/game/game.go:488.18,490.3 1 0
dungeoneer/game/game.go:494.37,499.2 4 0
dungeoneer/game/game.go:501.72,503.2 1 0
dungeoneer/game/game.go:506.49,511.2 4 0
dungeoneer/game/game.go:514.34,515.43 1 0
dungeoneer/game/game.go:515.43,517.3 1 0
dungeoneer/game/game.go:518.2,519.35 2 0
dungeoneer/game/game.go:519.35,527.3 1 0
dungeoneer/game/game.go:528.2,528.29 1 0
dungeoneer/game/game.go:533.53,534.21 1 0
dungeoneer/game/game.go:534.21,536.3 1 0
dungeoneer/game/game.go:537.2,537.36 1 0
dungeoneer/game/game.go:537.36,539.3 1 0
dungeoneer/game/game.go:540.2,541.14 2 0
dungeoneer/game/game.go:545.56,546.15 1 0
dungeoneer/game/game.go:546.15,548.3 1 0
dungeoneer/game/game.go:549.2,551.27 3 0
dungeoneer/game/game.go:551.27,555.3 1 0
dungeoneer/game/game.go:559.40,560.50 1 0
dungeoneer/game/game.go:560.50,562.3 1 0
dungeoneer/game/game.go:563.2,563.45 1 0
dungeoneer/game/game.go:563.45,565.35 2 0
dungeoneer/game/game.go:565.35,566.12 1 0
dungeoneer/game/game.go:568.3,569.29 2 0
dungeoneer/game/game.go:569.29,571.29 2 0
dungeoneer/game/game.go:571.29,573.5 1 0
dungeoneer/game/game.go:575.4,575.26 1 0
dungeoneer/game/game.go:575.26,580.5 4 0
dungeoneer/game/game.go:586.64,591.2 4 0
dungeoneer/game/game.go:594.59,598.27 4 0
dungeoneer/game/game.go:598.27,600.3 1 0
dungeoneer/game/game.go:603.2,603.94 1 0
dungeoneer/game/game.go:603.94,608.50 3 0
dungeoneer/game/game.go:608.50,609.57 1 0
dungeoneer/game/game.go:609.57,611.5 1 0
dungeoneer/game/game.go:612.4,612.61 1 0
dungeoneer/game/game.go:612.61,614.5 1 0
dungeoneer/game/game.go:617.2,617.21 1 0
dungeoneer/game/game.go:617.21,624.3 6 0
dungeoneer/game/game.go:626.2,626.21 1 0
dungeoneer/game/game.go:626.21,630.3 1 0
dungeoneer/game/game.go:631.2,635.23 5 0
dungeoneer/game/game.go:637.42,644.2 6 0
dungeoneer/game/game.go:646.52,649.22 3 0
dungeoneer/game/game.go:649.22,652.3 2 0
dungeoneer/game/game.go:653.2,654.22 2 0
dungeoneer/game/game.go:659.41,662.46 3 0
dungeoneer/game/game.go:662.46,664.87 1 0
dungeoneer/game/game.go:664.87,665.12 1 0
dungeoneer/game/game.go:667.3,667.19 1 0
dungeoneer/game/game.go:668.24,670.11 2 0
dungeoneer/game/game.go:670.11,671.13 1 0
dungeoneer/game/game.go:673.4,674.38 2 0
dungeoneer/game/game.go:675.19,676.52 1 0
dungeoneer/game/game.go:676.52,679.5 2 0
dungeoneer/game/game.go:685.55,686.22 1 0
dungeoneer/game/game.go:686.22,688.3 1 0
dungeoneer/game/game.go:689.2,689.53 1 0
dungeoneer/game/game.go:689.53,691.3 1 0
dungeoneer/game/game.go:692.2,693.35 1 0
dungeoneer/game/game.go:693.35,695.18 2 0
dungeoneer/game/game.go:695.18,698.5 2 0
dungeoneer/game/game.go:699.4,703.64 5 0
dungeoneer/game/game.go:703.64,705.5 1 0
dungeoneer/game/game.go:706.4,707.52 2 0
dungeoneer/game/game.go:707.52,710.5 2 0
dungeoneer/game/game.go:711.4,711.61 1 0
dungeoneer/game/game.go:711.61,712.47 1 0
dungeoneer/game/game.go:712.47,715.6 2 0
dungeoneer/game/game.go:717.4,731.22 3 0
dungeoneer/game/game.go:732.13,732.35 1 0
dungeoneer/game/game.go:733.2,733.21 1 0
dungeoneer/game/game.go:739.64,744.2 4 0
dungeoneer/game/game.go:746.31,747.21 1 0
dungeoneer/game/game.go:747.21,749.3 1 0
dungeoneer/game/game.go:750.2,750.33 1 0
dungeoneer/game/game.go:750.33,752.3 1 0
dungeoneer/game/game.go:753.2,753.23 1 0
dungeoneer/game/game.go:753.23,755.3 1 0
dungeoneer/game/game.go:758.2,758.26 1 0
dungeoneer/game/game.go:758.26,761.3 2 0
dungeoneer/game/game.go:763.2,763.25 1 0
dungeoneer/game/game.go:763.25,765.3 1 0
dungeoneer/game/game.go:767.2,767.24 1 0
dungeoneer/game/game.go:767.24,769.3 1 0
dungeoneer/game/game.go:771.2,771.20 1 0
dungeoneer/game/game.go:771.20,773.3 1 0
dungeoneer/game/game.go:775.2,775.17 1 0
dungeoneer/game/game.go:776.21,777.28 1 0
dungeoneer/game/game.go:778.21,779.28 1 0
dungeoneer/game/game.go:780.24,781.31 1 0
dungeoneer/game/game.go:782.26,783.33 1 0
dungeoneer/game/game.go:784.21,785.30 1 0
dungeoneer/game/game.go:786.20,787.33 1 0
dungeoneer/game/game.go:788.20,789.41 1 0
dungeoneer/game/game.go:789.41,790.46 1 0
dungeoneer/game/game.go:790.46,792.5 1 0
dungeoneer/game/game.go:792.10,794.5 1 0
dungeoneer/game/game.go:795.4,795.14 1 0
dungeoneer/game/game.go:797.3,797.27 1 0
dungeoneer/game/game.go:798.10,799.13 1 0
dungeoneer/game/game.go:805.44,812.23 6 0
dungeoneer/game/game.go:812.23,815.23 3 0
dungeoneer/game/game.go:815.23,817.25 2 0
dungeoneer/game/game.go:817.25,820.5 2 0
dungeoneer/game/game.go:821.9,823.4 1 0
dungeoneer/game/game.go:828.48,829.26 1 0
dungeoneer/game/game.go:829.26,831.3 1 0
dungeoneer/game/game.go:836.37,837.21 1 0
dungeoneer/game/game.go:837.21,839.3 1 0
dungeoneer/game/game.go:840.2,842.13 3 0
dungeoneer/game/game.go:842.13,844.3 1 0
dungeoneer/game/game.go:846.2,856.26 8 0
dungeoneer/game/game.go:856.26,858.3 1 0
dungeoneer/game/game.go:858.8,858.32 1 0
dungeoneer/game/game.go:858.32,860.3 1 0
dungeoneer/game/game.go:861.2,861.27 1 0
dungeoneer/game/game.go:861.27,863.3 1 0
dungeoneer/game/game.go:863.8,863.23 1 0
dungeoneer/game/game.go:863.23,865.3 1 0
dungeoneer/game/game.go:868.39,872.2 3 0
dungeoneer/game/game.go:874.39,877.2 2 0
dungeoneer/game/game.go:879.38,882.16 2 0
dungeoneer/game/game.go:882.16,883.54 1 0
dungeoneer/game/game.go:883.54,885.4 1 0
dungeoneer/game/game.go:885.9,885.72 1 0
dungeoneer/game/game.go:885.72,887.4 1 0
dungeoneer/game/game.go:887.9,887.74 1 0
dungeoneer/game/game.go:887.74,889.4 1 0
dungeoneer/game/game.go:889.9,889.70 1 0
dungeoneer/game/game.go:889.70,891.4 1 0
dungeoneer/game/game.go:891.9,891.63 1 0
dungeoneer/game/game.go:891.63,893.4 1 0
dungeoneer/game/game.go:893.9,895.4 1 0
dungeoneer/game/game.go:896.3,896.13 1 0
dungeoneer/game/game.go:900.2,900.63 1 0
dungeoneer/game/game.go:900.63,902.3 1 0
dungeoneer/game/game.go:903.2,903.54 1 0
dungeoneer/game/game.go:903.54,906.3 2 0
dungeoneer/game/game.go:908.2,908.50 1 0
dungeoneer/game/game.go:908.50,911.3 2 0
dungeoneer/game/game.go:913.2,913.36 1 0
dungeoneer/game/game.go:913.36,916.3 2 0
dungeoneer/game/game.go:918.2,918.56 1 0
dungeoneer/game/game.go:918.56,921.3 2 0
dungeoneer/game/game.go:923.2,923.48 1 0
dungeoneer/game/game.go:923.48,926.3 2 0
dungeoneer/game/game.go:928.2,928.53 1 0
dungeoneer/game/game.go:928.53,931.3 2 0
dungeoneer/game/game.go:933.2,933.21 1 0
dungeoneer/game/game.go:933.21,935.3 1 0
dungeoneer/game/game.go:938.2,952.37 4 0
dungeoneer/game/game.go:952.37,972.36 7 0
dungeoneer/game/game.go:972.36,973.32 1 0
dungeoneer/game/game.go:973.32,974.34 1 0
dungeoneer/game/game.go:974.34,977.6 2 0
dungeoneer/game/game.go:983.2,983.31 1 0
dungeoneer/game/game.go:983.31,985.3 1 0
dungeoneer/game/game.go:988.2,988.21 1 0
dungeoneer/game/game.go:988.21,993.57 5 0
dungeoneer/game/game.go:993.57,996.4 2 0
dungeoneer/game/game.go:997.3,1000.16 2 0
dungeoneer/game/game.go:1000.16,1002.4 1 0
dungeoneer/game/game.go:1003.3,1003.16 1 0
dungeoneer/game/game.go:1003.16,1005.4 1 0
dungeoneer/game/game.go:1007.3,1007.19 1 0
dungeoneer/game/game.go:1007.19,1015.46 8 0
dungeoneer/game/game.go:1015.46,1016.19 1 0
dungeoneer/game/game.go:1016.19,1018.6 1 0
dungeoneer/game/game.go:1020.4,1024.25 5 0
dungeoneer/game/game.go:1026.3,1026.25 1 0
dungeoneer/game/game.go:1026.25,1028.4 1 0
dungeoneer/game/game.go:1030.3,1030.33 1 0
dungeoneer/game/game.go:1030.33,1031.51 1 0
dungeoneer/game/game.go:1031.51,1033.77 1 0
dungeoneer/game/game.go:1033.77,1035.11 2 0
dungeoneer/game/game.go:1042.2,1042.88 1 0
dungeoneer/game/game.go:1042.88,1048.3 2 0
dungeoneer/game/game.go:1051.2,1051.31 1 0
dungeoneer/game/game.go:1051.31,1053.3 1 0
dungeoneer/game/game.go:1056.2,1056.31 1 0
dungeoneer/game/game.go:1056.31,1057.35 1 0
dungeoneer/game/game.go:1057.35,1059.4 1 0
dungeoneer/game/game.go:1063.2,1063.31 1 0
dungeoneer/game/game.go:1063.31,1064.49 1 0
dungeoneer/game/game.go:1064.49,1066.27 2 0
dungeoneer/game/game.go:1066.27,1068.5 1 0
dungeoneer/game/game.go:1073.2,1076.21 2 0
dungeoneer/game/game.go:1076.21,1077.30 1 0
dungeoneer/game/game.go:1077.30,1079.4 1 0
dungeoneer/game/game.go:1085.2,1086.91 2 0
dungeoneer/game/game.go:1086.91,1087.58 1 0
dungeoneer/game/game.go:1087.58,1089.4 1 0
dungeoneer/game/game.go:1093.2,1093.72 1 0
dungeoneer/game/game.go:1093.72,1096.35 3 0
dungeoneer/game/game.go:1096.35,1098.4 1 0
dungeoneer/game/game.go:1101.2,1103.22 2 0
dungeoneer/game/game.go:1103.22,1105.3 1 0
dungeoneer/game/game.go:1106.2,1106.23 1 0
dungeoneer/game/game.go:1106.23,1108.3 1 0
dungeoneer/game/game.go:1109.2,1109.57 1 0
dungeoneer/game/game.go:1109.57,1111.3 1 0
dungeoneer/game/game.go:1114.2,1118.67 3 0
dungeoneer/game/game.go:1118.67,1121.114 3 0
dungeoneer/game/game.go:1121.114,1127.54 6 0
dungeoneer/game/game.go:1127.54,1129.5 1 0
dungeoneer/game/game.go:1134.2,1134.57 1 0
dungeoneer/game/game.go:1134.57,1139.81 4 0
dungeoneer/game/game.go:1139.81,1145.54 6 0
dungeoneer/game/game.go:1145.54,1147.5 1 0
dungeoneer/game/game.go:1152.2,1156.12 5 0
dungeoneer/game/game.go:1159.69,1160.63 1 0
dungeoneer/game/game.go:1160.63,1162.3 1 0
dungeoneer/game/game.go:1163.2,1163.24 1 0
dungeoneer/game/game.go:1163.24,1165.3 1 0
dungeoneer/game/game.go:1166.2,1167.20 2 0
dungeoneer/game/game.go:1171.67,1180.24 7 0
dungeoneer/game/game.go:1180.24,1181.34 1 0
dungeoneer/game/game.go:1181.34,1183.4 1 0
dungeoneer/game/game.go:1184.3,1184.38 1 0
dungeoneer/game/game.go:1184.38,1186.4 1 0
dungeoneer/game/game.go:1190.2,1196.28 6 0
dungeoneer/game/game.go:1196.28,1198.3 1 0
dungeoneer/game/game.go:1200.2,1200.29 1 0
dungeoneer/game/game.go:1200.29,1202.3 1 0
dungeoneer/game/game.go:1204.2,1204.28 1 0
dungeoneer/game/game.go:1204.28,1206.3 1 0
dungeoneer/game/game.go:1208.2,1208.27 1 0
dungeoneer/game/game.go:1208.27,1210.3 1 0
dungeoneer/game/game.go:1211.2,1211.26 1 0
dungeoneer/game/game.go:1211.26,1213.3 1 0
dungeoneer/game/game.go:1215.2,1215.24 1 0
dungeoneer/game/game.go:1215.24,1218.3 2 0
dungeoneer/game/game.go:1221.2,1221.27 1 0
dungeoneer/game/game.go:1221.27,1223.3 1 0
dungeoneer/game/game.go:1224.2,1224.23 1 0
dungeoneer/game/game.go:1224.23,1226.3 1 0
dungeoneer/game/game.go:1227.2,1227.59 1 0
dungeoneer/game/game.go:1227.59,1229.3 1 0
dungeoneer/game/game.go:1230.2,1230.28 1 0
dungeoneer/game/game.go:1230.28,1232.3 1 0
dungeoneer/game/game.go:1233.2,1233.26 1 0
dungeoneer/game/game.go:1233.26,1235.3 1 0
dungeoneer/game/game.go:1236.2,1236.19 1 0
dungeoneer/game/game.go:1236.19,1238.3 1 0
dungeoneer/game/game.go:1239.2,1239.29 1 0
dungeoneer/game/game.go:1239.29,1241.3 1 0
dungeoneer/game/game.go:1242.2,1242.25 1 0
dungeoneer/game/game.go:1242.25,1244.3 1 0
dungeoneer/game/game.go:1245.2,1245.25 1 0
dungeoneer/game/game.go:1245.25,1247.3 1 0
dungeoneer/game/game.go:1249.2,1249.21 1 0
dungeoneer/game/game.go:1249.21,1253.3 3 0
dungeoneer/game/game.go:1255.2,1255.17 1 0
dungeoneer/game/game.go:1257.43,1259.2 1 0
dungeoneer/game/game.go:1263.40,1264.27 1 0
dungeoneer/game/game.go:1264.27,1266.3 1 0
dungeoneer/game/game.go:1267.2,1268.48 2 0
dungeoneer/game/game.go:1268.48,1270.3 1 0
dungeoneer/game/game.go:1273.2,1273.25 1 0
dungeoneer/game/game.go:1273.25,1275.15 2 0
dungeoneer/game/game.go:1275.15,1276.35 1 0
dungeoneer/game/game.go:1276.35,1277.29 1 0
dungeoneer/game/game.go:1277.29,1279.11 2 0
dungeoneer/game/game.go:1283.3,1284.90 2 0
dungeoneer/game/game.go:1284.90,1288.4 3 0
dungeoneer/game/game.go:1288.9,1292.4 3 0
dungeoneer/game/game.go:1294.2,1294.25 1 0
dungeoneer/game/game.go:1294.25,1297.3 2 0
dungeoneer/game/game.go:1300.2,1300.25 1 0
dungeoneer/game/game.go:1300.25,1302.3 1 0
dungeoneer/game/game.go:1305.2,1305.25 1 0
dungeoneer/game/game.go:1305.25,1312.3 5 0
dungeoneer/game/game.go:1314.2,1314.14 1 0
dungeoneer/game/game.go:1319.42,1320.27 1 0
dungeoneer/game/game.go:1320.27,1322.3 1 0
dungeoneer/game/game.go:1323.2,1324.48 2 0
dungeoneer/game/game.go:1324.48,1326.3 1 0
dungeoneer/game/game.go:1327.2,1327.25 1 0
dungeoneer/game/game.go:1327.25,1329.3 1 0
dungeoneer/game/game.go:1330.2,1333.25 4 0
dungeoneer/game/game.go:1337.41,1338.27 1 0
dungeoneer/game/game.go:1338.27,1340.3 1 0
dungeoneer/game/game.go:1341.2,1342.48 2 0
dungeoneer/game/game.go:1342.48,1344.3 1 0
dungeoneer/game/game.go:1345.2,1345.25 1 0
dungeoneer/game/game.go:1345.25,1347.3 1 0
dungeoneer/game/game.go:1348.2,1352.13 5 0
dungeoneer/game/game.go:1355.61,1356.17 1 0
dungeoneer/game/game.go:1356.17,1358.3 1 0
dungeoneer/game/game.go:1359.2,1360.14 2 0
dungeoneer/game/game.go:1360.14,1361.34 1 0
dungeoneer/game/game.go:1361.34,1362.28 1 0
dungeoneer/game/game.go:1362.28,1364.10 2 0
dungeoneer/game/game.go:1367.3,1367.15 1 0
dungeoneer/game/game.go:1367.15,1369.4 1 0
dungeoneer/game/game.go:1371.2,1371.12 1 0
dungeoneer/game/game.go:1371.12,1373.3 1 0
dungeoneer/game/game.go:1373.8,1375.3 1 0
dungeoneer/game/game.go:1376.2,1377.9 2 0
dungeoneer/game/game.go:1377.9,1379.3 1 0
dungeoneer/game/game.go:1380.2,1381.33 2 0
dungeoneer/game/game.go:1381.33,1382.32 1 0
dungeoneer/game/game.go:1382.32,1385.9 3 0
dungeoneer/game/game.go:1388.2,1388.14 1 0
dungeoneer/game/game.go:1388.14,1390.3 1 0
dungeoneer/game/game.go:1391.2,1391.24 1 0
dungeoneer/game/game.go:1394.37,1398.2 2 0
dungeoneer/game/game.go:1402.54,1403.86 1 0
dungeoneer/game/game.go:1403.86,1404.13 1 0
dungeoneer/game/game.go:1404.13,1406.4 1 0
dungeoneer/game/game.go:1407.3,1407.68 1 0
dungeoneer/game/game.go:1409.2,1409.84 1 0
dungeoneer/game/game.go:1409.84,1410.13 1 0
dungeoneer/game/game.go:1410.13,1412.4 1 0
dungeoneer/game/game.go:1413.3,1413.66 1 0
dungeoneer/game/game.go:1415.2,1415.84 1 0
dungeoneer/game/game.go:1415.84,1416.13 1 0
dungeoneer/game/game.go:1416.13,1418.4 1 0
dungeoneer/game/game.go:1419.3,1419.66 1 0
dungeoneer/game/game.go:1421.2,1421.11 1 0
dungeoneer/game/handlers.game.go:21.63,23.2 1 0
dungeoneer/game/handlers.game.go:26.67,28.2 1 0
dungeoneer/game/handlers.game.go:30.38,31.47 1 0
dungeoneer/game/handlers.game.go:31.47,33.3 1 0
dungeoneer/game/handlers.game.go:36.2,37.38 2 0
dungeoneer/game/handlers.game.go:37.38,38.71 1 0
dungeoneer/game/handlers.game.go:38.71,40.66 2 0
dungeoneer/game/handlers.game.go:40.66,41.30 1 0
dungeoneer/game/handlers.game.go:42.21,43.17 1 0
dungeoneer/game/handlers.game.go:44.21,45.17 1 0
dungeoneer/game/handlers.game.go:46.22,49.42 3 0
dungeoneer/game/handlers.game.go:49.42,51.7 1 0
dungeoneer/game/handlers.game.go:51.12,55.7 3 0
dungeoneer/game/handlers.game.go:56.20,57.21 1 0
dungeoneer/game/handlers.game.go:58.22,59.16 1 0
dungeoneer/game/handlers.game.go:61.5,61.11 1 0
dungeoneer/game/handlers.game.go:63.4,63.9 1 0
dungeoneer/game/handlers.game.go:68.2,68.96 1 0
dungeoneer/game/handlers.game.go:68.96,69.47 1 0
dungeoneer/game/handlers.game.go:70.19,71.15 1 0
dungeoneer/game/handlers.game.go:72.19,73.15 1 0
dungeoneer/game/handlers.game.go:74.20,77.40 3 0
dungeoneer/game/handlers.game.go:77.40,79.5 1 0
dungeoneer/game/handlers.game.go:79.10,83.5 3 0
dungeoneer/game/handlers.game.go:84.18,85.19 1 0
dungeoneer/game/handlers.game.go:86.20,87.14 1 0
dungeoneer/game/handlers.game.go:92.30,93.50 1 0
dungeoneer/game/handlers.game.go:93.50,95.27 1 0
dungeoneer/game/handlers.game.go:95.27,98.4 2 0
dungeoneer/game/handlers.game.go:99.3,99.33 1 0
dungeoneer/game/handlers.game.go:99.33,102.4 2 0
dungeoneer/game/handlers.game.go:103.3,103.44 1 0
dungeoneer/game/handlers.game.go:105.2,105.76 1 0
dungeoneer/game/handlers.game.go:108.29,111.2 2 0
dungeoneer/game/handlers.game.go:113.29,115.45 2 0
dungeoneer/game/handlers.game.go:115.45,117.3 1 0
dungeoneer/game/handlers.game.go:117.8,117.50 1 0
dungeoneer/game/handlers.game.go:117.50,119.3 1 0
dungeoneer/game/handlers.game.go:119.8,122.3 2 0
dungeoneer/game/handlers.game.go:123.2,127.31 4 0
dungeoneer/game/handlers.game.go:127.31,129.3 1 0
dungeoneer/game/handlers.game.go:129.8,131.3 1 0
dungeoneer/game/handlers.game.go:134.28,136.46 2 0
dungeoneer/game/handlers.game.go:136.46,138.3 1 0
dungeoneer/game/handlers.game.go:139.2,139.47 1 0
dungeoneer/game/handlers.game.go:139.47,141.3 1 0
dungeoneer/game/handlers.game.go:142.2,142.46 1 0
dungeoneer/game/handlers.game.go:142.46,144.3 1 0
dungeoneer/game/handlers.game.go:145.2,145.44 1 0
dungeoneer/game/handlers.game.go:145.44,147.3 1 0
dungeoneer/game/handlers.game.go:149.2,149.54 1 0
dungeoneer/game/handlers.game.go:149.54,150.35 1 0
dungeoneer/game/handlers.game.go:150.35,152.4 1 0
dungeoneer/game/handlers.game.go:152.9,158.4 5 0
dungeoneer/game/handlers.game.go:159.8,161.3 1 0
dungeoneer/game/handlers.game.go:164.2,167.54 4 0
dungeoneer/game/handlers.game.go:170.31,172.65 1 0
dungeoneer/game/handlers.game.go:172.65,174.49 2 0
dungeoneer/game/handlers.game.go:174.49,176.21 2 0
dungeoneer/game/handlers.game.go:176.21,179.5 2 0
dungeoneer/game/handlers.game.go:184.2,184.64 1 0
dungeoneer/game/handlers.game.go:184.64,194.53 7 0
dungeoneer/game/handlers.game.go:194.53,196.49 2 0
dungeoneer/game/handlers.game.go:196.49,197.77 1 0
dungeoneer/game/handlers.game.go:197.77,198.29 1 0
dungeoneer/game/handlers.game.go:198.29,199.30 1 0
dungeoneer/game/handlers.game.go:199.30,201.8 1 0
dungeoneer/game/handlers.game.go:202.12,203.29 1 0
dungeoneer/game/handlers.game.go:203.29,205.8 1 0
dungeoneer/game/handlers.game.go:212.3,212.40 1 0
dungeoneer/game/handlers.game.go:216.34,226.21 7 0
dungeoneer/game/handlers.game.go:226.21,228.20 2 0
dungeoneer/game/handlers.game.go:228.20,230.4 1 0
dungeoneer/game/handlers.game.go:230.9,232.4 1 0
dungeoneer/game/handlers.game.go:236.37,237.57 1 0
dungeoneer/game/handlers.game.go:237.57,238.28 1 0
dungeoneer/game/handlers.game.go:238.28,239.34 1 0
dungeoneer/game/handlers.game.go:239.34,241.5 1 0
dungeoneer/game/handlers.game.go:241.10,243.5 1 0
dungeoneer/game/handlers.game.go:247.2,247.57 1 0
dungeoneer/game/handlers.game.go:247.57,249.3 1 0
dungeoneer/game/handlers.game.go:250.2,250.51 1 0
dungeoneer/game/handlers.game.go:250.51,252.3 1 0
dungeoneer/game/handlers.game.go:254.2,254.46 1 0
dungeoneer/game/handlers.game.go:254.46,255.22 1 0
dungeoneer/game/handlers.game.go:255.22,257.4 1 0
dungeoneer/game/handlers.game.go:260.2,260.47 1 0
dungeoneer/game/handlers.game.go:260.47,261.24 1 0
dungeoneer/game/handlers.game.go:261.24,263.4 1 0
dungeoneer/game/handlers.game.go:265.2,265.53 1 0
dungeoneer/game/handlers.game.go:265.53,266.25 1 0
dungeoneer/game/handlers.game.go:266.25,268.4 1 0
dungeoneer/game/handlers.game.go:271.2,275.38 2 0
dungeoneer/game/handlers.game.go:275.38,276.55 1 0
dungeoneer/game/handlers.game.go:276.55,278.4 1 0
dungeoneer/game/handlers.game.go:280.2,280.66 1 0
dungeoneer/game/handlers.game.go:280.66,282.3 1 0
dungeoneer/game/handlers.game.go:285.30,286.17 1 0
dungeoneer/game/handlers.game.go:287.21,288.26 1 0
dungeoneer/game/handlers.game.go:289.20,290.25 1 0
dungeoneer/game/handlers.game.go:291.21,292.26 1 0
dungeoneer/game/handlers.game.go:296.37,298.16 2 0
dungeoneer/game/handlers.game.go:298.16,302.3 2 0
dungeoneer/game/handlers.game.go:304.2,304.54 1 0
dungeoneer/game/handlers.game.go:304.54,307.3 2 0
dungeoneer/game/handlers.game.go:309.2,309.58 1 0
dungeoneer/game/handlers.game.go:309.58,310.71 1 0
dungeoneer/game/handlers.game.go:310.71,312.4 1 0
dungeoneer/game/handlers.game.go:313.3,313.9 1 0
dungeoneer/game/handlers.game.go:315.2,315.53 1 0
dungeoneer/game/handlers.game.go:315.53,318.3 2 0
dungeoneer/game/handlers.game.go:321.2,321.52 1 0
dungeoneer/game/handlers.game.go:321.52,322.43 1 0
dungeoneer/game/handlers.game.go:322.43,323.29 1 0
dungeoneer/game/handlers.game.go:323.29,325.5 1 0
dungeoneer/game/handlers.game.go:325.10,327.5 1 0
dungeoneer/game/handlers.game.go:328.4,328.10 1 0
dungeoneer/game/handlers.game.go:330.3,330.49 1 0
dungeoneer/game/handlers.game.go:330.49,333.4 2 0
dungeoneer/game/handlers.game.go:336.2,344.24 9 0
dungeoneer/game/handlers.game.go:347.37,348.46 1 0
dungeoneer/game/handlers.game.go:348.46,350.3 1 0
dungeoneer/game/handlers.game.go:351.2,351.48 1 0
dungeoneer/game/handlers.game.go:351.48,353.3 1 0
dungeoneer/game/handlers.game.go:354.2,355.48 2 0
dungeoneer/game/handlers.game.go:355.48,357.3 1 0
dungeoneer/game/handlers.game.go:358.2,358.25 1 0
dungeoneer/game/handlers.game.go:358.25,360.34 2 0
dungeoneer/game/handlers.game.go:360.34,361.28 1 0
dungeoneer/game/handlers.game.go:361.28,363.10 2 0
dungeoneer/game/handlers.game.go:366.3,366.90 1 0
dungeoneer/game/handlers.game.go:366.90,369.4 2 0
dungeoneer/game/handlers.game.go:369.9,369.93 1 0
dungeoneer/game/handlers.game.go:369.93,372.4 2 0
dungeoneer/game/handlers.game.go:374.2,374.95 1 0
dungeoneer/game/handlers.game.go:374.95,376.3 1 0
dungeoneer/game/handlers.game.go:378.2,382.22 4 0
dungeoneer/game/handlers.game.go:382.22,383.25 1 0
dungeoneer/game/handlers.game.go:384.10,385.58 1 0
dungeoneer/game/handlers.game.go:386.10,387.54 1 0
dungeoneer/game/handlers.game.go:388.10,389.53 1 0
dungeoneer/game/handlers.game.go:390.11,391.54 1 0
dungeoneer/game/handlers.game.go:394.2,394.68 1 0
dungeoneer/game/handlers.game.go:394.68,395.47 1 0
dungeoneer/game/handlers.game.go:395.47,397.4 1 0
dungeoneer/game/handlers.game.go:401.39,402.51 1 0
dungeoneer/game/handlers.game.go:402.51,404.3 1 0
dungeoneer/game/handlers.game.go:405.2,408.48 2 0
dungeoneer/game/handlers.game.go:408.48,411.3 2 0
dungeoneer/game/handlers.game.go:412.2,412.49 1 0
dungeoneer/game/handlers.game.go:412.49,415.3 2 0
dungeoneer/game/handlers.game.go:416.2,416.46 1 0
dungeoneer/game/handlers.game.go:416.46,419.3 2 0
dungeoneer/game/handlers.game.go:420.2,420.48 1 0
dungeoneer/game/handlers.game.go:420.48,423.3 2 0
dungeoneer/game/handlers.game.go:426.2,426.12 1 0
dungeoneer/game/handlers.game.go:426.12,428.3 1 0
dungeoneer/game/handlers.game.go:428.8,428.19 1 0
dungeoneer/game/handlers.game.go:428.19,430.3 1 0
dungeoneer/game/handlers.game.go:433.2,433.24 1 0
dungeoneer/game/handlers.game.go:433.24,437.15 4 0
dungeoneer/game/handlers.game.go:437.15,440.4 2 0
dungeoneer/game/handlers.game.go:441.8,441.66 1 0
dungeoneer/game/handlers.game.go:441.66,444.3 1 0
dungeoneer/game/handlers.game.go:447.32,448.21 1 0
dungeoneer/game/handlers.game.go:448.21,450.3 1 0
dungeoneer/game/handlers.game.go:451.2,451.51 1 0
dungeoneer/game/handlers.game.go:451.51,452.42 1 0
dungeoneer/game/handlers.game.go:452.42,454.4 1 0
dungeoneer/game/handlers.game.go:455.3,455.30 1 0
dungeoneer/game/handlers.game.go:455.30,457.4 1 0
dungeoneer/game/handlers.game.go:457.9,457.44 1 0
dungeoneer/game/handlers.game.go:457.44,459.4 1 0
dungeoneer/game/handlers.game.go:463.29,464.21 1 0
dungeoneer/game/handlers.game.go:464.21,466.3 1 0
dungeoneer/game/handlers.game.go:467.2,467.29 1 0
dungeoneer/game/handlers.game.go:467.29,469.3 1 0
dungeoneer/game/handlers.game.go:470.2,470.49 1 0
dungeoneer/game/handlers.game.go:470.49,472.3 1 0
dungeoneer/game/handlers.game.go:474.2,478.34 3 0
dungeoneer/game/handlers.game.go:478.34,479.40 1 0
dungeoneer/game/handlers.game.go:479.40,481.4 1 0
dungeoneer/game/handlers.game.go:482.3,483.39 2 0
dungeoneer/game/handlers.game.go:483.39,486.4 2 0
dungeoneer/game/handlers.game.go:487.3,487.9 1 0
dungeoneer/game/handlers.game.go:491.2,491.84 1 0
dungeoneer/game/handlers.game.go:491.84,492.39 1 0
dungeoneer/game/handlers.game.go:492.39,494.4 1 0
dungeoneer/game/handlers.game.go:495.3,496.60 2 0
dungeoneer/game/handlers.game.go:496.60,499.4 2 0
dungeoneer/game/handlers.game.go:499.9,499.66 1 0
dungeoneer/game/handlers.game.go:499.66,500.38 1 0
dungeoneer/game/handlers.game.go:500.38,503.5 2 0
dungeoneer/game/handlers.game.go:503.10,503.52 1 0
dungeoneer/game/handlers.game.go:503.52,507.5 3 0
dungeoneer/game/handlers.game.go:509.3,509.29 1 0
dungeoneer/game/handlers.game.go:509.29,512.4 2 0
dungeoneer/game/handlers.game.go:513.3,513.33 1 0
dungeoneer/game/handlers.game.go:517.38,519.2 1 0
dungeoneer/game/hitmarker.game.go:12.35,14.34 2 0
dungeoneer/game/hitmarker.game.go:14.34,16.29 2 0
dungeoneer/game/hitmarker.game.go:16.29,18.4 1 0
dungeoneer/game/hitmarker.game.go:20.2,20.26 1 0
dungeoneer/game/hitmarker.game.go:23.76,25.34 2 0
dungeoneer/game/hitmarker.game.go:25.34,44.3 9 0
dungeoneer/game/hub.go:25.26,27.16 2 0
dungeoneer/game/hub.go:27.16,30.3 2 0
dungeoneer/game/hub.go:33.2,34.27 2 0
dungeoneer/game/hub.go:34.27,35.28 1 0
dungeoneer/game/hub.go:35.28,37.19 2 0
dungeoneer/game/hub.go:37.19,38.13 1 0
dungeoneer/game/hub.go:40.4,40.35 1 0
dungeoneer/game/hub.go:40.35,41.42 1 0
dungeoneer/game/hub.go:41.42,43.6 1 0
dungeoneer/game/hub.go:49.2,100.19 44 0
dungeoneer/game/hub.go:100.19,101.37 1 0
dungeoneer/game/hub.go:101.37,107.42 3 0
dungeoneer/game/hub.go:107.42,108.66 1 0
dungeoneer/game/hub.go:108.66,110.43 2 0
dungeoneer/game/hub.go:110.43,112.12 2 0
dungeoneer/game/hub.go:116.4,116.41 1 0
dungeoneer/game/hub.go:116.41,119.29 3 0
dungeoneer/game/hub.go:119.29,119.45 1 0
dungeoneer/game/hub.go:120.5,120.33 1 0
dungeoneer/game/hub.go:123.3,123.41 1 0
dungeoneer/game/hub.go:123.41,129.42 3 0
dungeoneer/game/hub.go:129.42,130.66 1 0
dungeoneer/game/hub.go:130.66,132.43 2 0
dungeoneer/game/hub.go:132.43,134.12 2 0
dungeoneer/game/hub.go:138.4,138.41 1 0
dungeoneer/game/hub.go:138.41,141.29 3 0
dungeoneer/game/hub.go:141.29,141.55 1 0
dungeoneer/game/hub.go:142.5,142.33 1 0
dungeoneer/game/hub.go:145.3,145.43 1 0
dungeoneer/game/hub.go:145.43,151.42 3 0
dungeoneer/game/hub.go:151.42,152.66 1 0
dungeoneer/game/hub.go:152.66,154.43 2 0
dungeoneer/game/hub.go:154.43,156.12 2 0
dungeoneer/game/hub.go:160.4,160.41 1 0
dungeoneer/game/hub.go:160.41,163.29 3 0
dungeoneer/game/hub.go:163.29,163.51 1 0
dungeoneer/game/hub.go:164.5,164.33 1 0
dungeoneer/game/hub.go:167.3,167.44 1 0
dungeoneer/game/hub.go:167.44,180.42 3 0
dungeoneer/game/hub.go:180.42,181.66 1 0
dungeoneer/game/hub.go:181.66,183.43 2 0
dungeoneer/game/hub.go:183.43,185.12 2 0
dungeoneer/game/hub.go:189.4,189.41 1 0
dungeoneer/game/hub.go:189.41,192.29 3 0
dungeoneer/game/hub.go:192.29,192.52 1 0
dungeoneer/game/hub.go:193.5,193.33 1 0
dungeoneer/game/hub.go:199.2,199.25 1 0
dungeoneer/game/hub.go:199.25,201.3 1 0
dungeoneer/game/hub.go:202.2,202.20 1 0
dungeoneer/game/hub.go:202.20,205.3 2 0
dungeoneer/game/hub.go:206.2,206.24 1 0
dungeoneer/game/hub.go:211.79,212.34 1 0
dungeoneer/game/hub.go:212.34,214.64 1 0
dungeoneer/game/hub.go:214.64,216.28 2 0
dungeoneer/game/hub.go:216.28,218.5 1 0
dungeoneer/game/hub.go:221.3,221.66 1 0
dungeoneer/game/hub.go:221.66,223.28 2 0
dungeoneer/game/hub.go:223.28,225.5 1 0
dungeoneer/game/hub.go:229.2,230.15 2 0
dungeoneer/game/hub.go:234.52,239.28 4 0
dungeoneer/game/hub.go:239.28,240.29 1 0
dungeoneer/game/hub.go:240.29,241.54 1 0
dungeoneer/game/hub.go:241.54,242.42 1 0
dungeoneer/game/hub.go:242.42,246.6 3 0
dungeoneer/game/hub.go:251.2,252.41 2 0
dungeoneer/game/hub.go:252.41,257.3 4 0
dungeoneer/game/hub.go:259.2,259.104 1 0
dungeoneer/game/hub.go:259.104,260.52 1 0
dungeoneer/game/hub.go:260.52,265.4 4 0
dungeoneer/game/hub.go:268.2,268.10 1 0
dungeoneer/game/hub.go:272.30,275.2 2 0
dungeoneer/game/hub.go:280.36,281.21 1 0
dungeoneer/game/hub.go:281.21,283.3 1 0
dungeoneer/game/hub.go:284.2,300.39 9 0
dungeoneer/game/hub.go:300.39,302.3 1 0
dungeoneer/game/hub.go:305.2,313.19 5 0
dungeoneer/game/hub.go:313.19,314.39 1 0
dungeoneer/game/hub.go:314.39,316.44 2 0
dungeoneer/game/hub.go:316.44,318.5 1 0
dungeoneer/game/hub.go:322.2,323.34 2 0
dungeoneer/game/hub.go:327.27,331.21 2 0
dungeoneer/game/hub.go:331.21,332.39 1 0
dungeoneer/game/hub.go:332.39,334.44 2 0
dungeoneer/game/hub.go:334.44,336.5 1 0
dungeoneer/game/hub.go:339.3,339.41 1 0
dungeoneer/game/hub.go:339.41,340.33 1 0
dungeoneer/game/hub.go:340.33,342.5 1 0
dungeoneer/game/hub.go:343.4,343.37 1 0
dungeoneer/game/hub.go:346.3,346.47 1 0
dungeoneer/game/hub.go:346.47,347.43 1 0
dungeoneer/game/hub.go:347.43,350.5 2 0
dungeoneer/game/hub.go:353.3,353.29 1 0
dungeoneer/game/hub.go:356.2,357.44 2 0
dungeoneer/game/hub.go:357.44,359.3 1 0
dungeoneer/game/hub.go:361.2,361.19 1 0
dungeoneer/game/hub.go:361.19,364.3 2 0
dungeoneer/game/hub.go:366.2,366.30 1 0
dungeoneer/game/hub.go:366.30,368.3 1 0
dungeoneer/game/hub.go:369.2,373.17 5 0
dungeoneer/game/hub.go:385.36,386.40 1 0
dungeoneer/game/hub.go:386.40,388.3 1 0
dungeoneer/game/hub.go:389.2,389.43 1 0
dungeoneer/game/hub.go:389.43,390.16 1 0
dungeoneer/game/hub.go:390.16,392.4 1 0
dungeoneer/game/hub.go:393.3,393.28 1 0
dungeoneer/game/hub.go:393.28,396.4 2 0
dungeoneer/game/hub.go:397.3,397.21 1 0
dungeoneer/game/hub.go:397.21,399.4 1 0
dungeoneer/game/hub.go:405.40,406.63 1 0
dungeoneer/game/hub.go:406.63,408.3 1 0
dungeoneer/game/hub.go:409.2,413.31 4 0
dungeoneer/game/hub.go:413.31,414.28 1 0
dungeoneer/game/hub.go:414.28,415.12 1 0
dungeoneer/game/hub.go:417.3,424.5 1 0
dungeoneer/game/hub.go:427.2,432.3 1 0
dungeoneer/game/hub.go:436.26,438.15 2 0
dungeoneer/game/hub.go:438.15,440.3 1 0
dungeoneer/game/hub.go:441.2,441.21 1 0
dungeoneer/game/hub.go:444.41,447.2 2 0
dungeoneer/game/hub.go:452.56,458.19 4 0
dungeoneer/game/hub.go:458.19,465.3 5 0
dungeoneer/game/hub.go:468.2,468.43 1 0
dungeoneer/game/hub.go:468.43,471.20 3 0
dungeoneer/game/hub.go:471.20,473.4 1 0
dungeoneer/game/hub.go:477.2,477.20 1 0
dungeoneer/game/hub.go:477.20,479.3 1 0
dungeoneer/game/hub.go:482.2,504.73 19 0
dungeoneer/game/hub.go:504.73,505.68 1 0
dungeoneer/game/hub.go:505.68,506.31 1 0
dungeoneer/game/hub.go:506.31,507.61 1 0
dungeoneer/game/hub.go:507.61,509.11 2 0
dungeoneer/game/hub.go:514.2,524.17 7 0
dungeoneer/game/hub.go:524.17,527.3 2 0
dungeoneer/game/hub.go:530.2,560.44 16 0
dungeoneer/game/hub.go:560.44,562.3 1 0
dungeoneer/game/hub.go:567.31,569.30 2 0
dungeoneer/game/hub.go:569.30,572.3 2 0
dungeoneer/game/hub.go:573.2,574.25 2 0
dungeoneer/game/hub.go:574.25,575.29 1 0
dungeoneer/game/hub.go:575.29,577.4 1 0
dungeoneer/game/hub.go:578.8,580.3 1 0
dungeoneer/game/hub.go:584.30,591.49 7 1
dungeoneer/game/hub.go:591.49,593.3 1 1
dungeoneer/game/hub.go:594.2,594.46 1 1
dungeoneer/game/hub.go:594.46,598.3 1 0
dungeoneer/game/hub.go:599.2,599.47 1 1
dungeoneer/game/hub.go:599.47,602.37 3 0
dungeoneer/game/hub.go:602.37,604.4 1 0
dungeoneer/game/hub.go:606.2,610.28 5 1
dungeoneer/game/hub.go:614.32,623.47 9 1
dungeoneer/game/hub.go:623.47,625.3 1 1
dungeoneer/game/hub.go:626.2,626.46 1 1
dungeoneer/game/hub.go:626.46,630.3 1 0
dungeoneer/game/hub.go:631.2,631.47 1 1
dungeoneer/game/hub.go:631.47,634.37 3 0
dungeoneer/game/hub.go:634.37,636.4 1 0
dungeoneer/game/hub.go:638.2,642.30 5 1
dungeoneer/game/hub.go:646.60,647.34 1 1
dungeoneer/game/hub.go:647.34,648.43 1 1
dungeoneer/game/hub.go:648.43,650.4 1 1
dungeoneer/game/hub.go:655.53,673.29 6 0
dungeoneer/game/hub.go:673.29,676.21 2 0
dungeoneer/game/hub.go:676.21,679.40 3 0
dungeoneer/game/hub.go:679.40,681.13 2 0
dungeoneer/game/hub.go:683.4,683.50 1 0
dungeoneer/game/hub.go:683.50,685.13 2 0
dungeoneer/game/hub.go:687.4,687.81 1 0
dungeoneer/game/hub.go:687.81,689.13 2 0
dungeoneer/game/hub.go:691.4,693.24 3 0
dungeoneer/game/hub.go:693.24,695.13 2 0
dungeoneer/game/hub.go:698.4,721.9 8 0
dungeoneer/game/hub.go:728.53,731.29 3 0
dungeoneer/game/hub.go:731.29,734.20 3 0
dungeoneer/game/hub.go:735.16,737.21 2 0
dungeoneer/game/hub.go:738.17,740.20 2 0
dungeoneer/game/hub.go:741.26,743.25 2 0
dungeoneer/game/hub.go:745.3,763.37 2 0
dungeoneer/game/hub.go:768.44,796.2 14 0
dungeoneer/game/hub.go:800.44,801.49 1 0
dungeoneer/game/hub.go:801.49,803.3 1 0
dungeoneer/game/hub.go:805.2,810.40 3 0
dungeoneer/game/hub.go:810.40,812.17 2 0
dungeoneer/game/hub.go:812.17,813.12 1 0
dungeoneer/game/hub.go:815.3,816.21 2 0
dungeoneer/game/hub.go:816.21,819.4 1 0
dungeoneer/game/hub.go:821.2,821.26 1 0
dungeoneer/game/hub.go:821.26,823.3 1 0
dungeoneer/game/hub.go:826.2,826.28 1 0
dungeoneer/game/hub.go:826.28,829.3 2 0
dungeoneer/game/hub.go:830.2,830.25 1 0
dungeoneer/game/hub.go:830.25,832.3 1 0
dungeoneer/game/hub.go:834.2,834.31 1 0
dungeoneer/game/hub.go:834.31,837.64 2 0
dungeoneer/game/hub.go:837.64,838.65 1 0
dungeoneer/game/hub.go:838.65,840.42 2 0
dungeoneer/game/hub.go:840.42,842.11 2 0
dungeoneer/game/hub.go:846.3,846.64 1 0
dungeoneer/game/hub.go:846.64,847.12 1 0
dungeoneer/game/hub.go:849.3,849.38 1 0
dungeoneer/game/hub.go:850.10,852.38 2 0
dungeoneer/game/hub.go:853.10,855.38 2 0
dungeoneer/game/hub.go:856.10,858.32 2 0
dungeoneer/game/hub.go:864.27,865.36 1 0
dungeoneer/game/hub.go:865.36,867.3 1 0
dungeoneer/game/hub.go:868.2,869.33 2 0
dungeoneer/game/hub.go:869.33,872.42 2 0
dungeoneer/game/hub.go:872.42,873.22 1 0
dungeoneer/game/hub.go:873.22,875.5 1 0
dungeoneer/game/hub.go:877.3,884.5 1 0
dungeoneer/game/hub.go:886.2,886.57 1 0
dungeoneer/game/hub.go:886.57,887.29 1 0
dungeoneer/game/hub.go:887.29,889.4 1 0
dungeoneer/game/hub.go:890.3,893.14 4 0
dungeoneer/game/hub.go:895.2,895.39 1 0
dungeoneer/game/hub.go:899.37,900.46 1 0
dungeoneer/game/hub.go:900.46,902.3 1 0
dungeoneer/game/hub.go:903.2,904.38 2 0
dungeoneer/game/hub.go:904.38,916.3 3 0
dungeoneer/game/hub.go:917.2,917.69 1 0
dungeoneer/game/hub.go:917.69,918.29 1 0
dungeoneer/game/hub.go:918.29,920.4 1 0
dungeoneer/game/hub.go:921.3,924.14 4 0
dungeoneer/game/hub.go:926.2,926.49 1 0
dungeoneer/game/hub.go:930.33,931.42 1 0
dungeoneer/game/hub.go:931.42,933.3 1 0
dungeoneer/game/hub.go:934.2,935.40 2 0
dungeoneer/game/hub.go:935.40,937.17 2 0
dungeoneer/game/hub.go:937.17,938.12 1 0
dungeoneer/game/hub.go:940.3,945.5 1 0
dungeoneer/game/hub.go:947.2,947.44 1 0
dungeoneer/game/hub.go:947.44,949.38 2 0
dungeoneer/game/hub.go:949.38,950.17 1 0
dungeoneer/game/hub.go:950.17,952.10 2 0
dungeoneer/game/hub.go:955.3,956.21 2 0
dungeoneer/game/hub.go:958.2,958.28 1 0
dungeoneer/game/loadscreen.go:18.41,19.96 1 0
dungeoneer/game/loadscreen.go:19.96,20.31 1 0
dungeoneer/game/loadscreen.go:20.31,26.4 4 0
dungeoneer/game/loadscreen.go:26.9,28.29 1 0
dungeoneer/game/loadscreen.go:28.29,30.5 1 0
dungeoneer/game/loadscreen.go:31.4,33.15 3 0
dungeoneer/game/loadscreen.go:35.3,35.13 1 0
dungeoneer/game/loadscreen.go:37.2,37.50 1 0
dungeoneer/game/loadscreen.go:37.50,41.3 3 0
dungeoneer/game/loadscreen.go:42.2,42.12 1 0
dungeoneer/game/loadscreen.go:46.53,60.30 10 0
dungeoneer/game/loadscreen.go:60.30,67.3 2 0
dungeoneer/game/loadscreen.go:69.2,69.27 1 0
dungeoneer/game/loadscreen.go:69.27,75.30 2 0
dungeoneer/game/loadscreen.go:75.30,78.4 2 0
dungeoneer/game/loadscreen.go:81.2,84.59 4 0
dungeoneer/game/lore.go:30.55,32.16 2 1
dungeoneer/game/lore.go:32.16,34.3 1 1
dungeoneer/game/lore.go:35.2,36.52 2 1
dungeoneer/game/lore.go:36.52,38.3 1 1
dungeoneer/game/lore.go:39.2,40.18 2 1
dungeoneer/game/lore.go:44.53,45.40 1 1
dungeoneer/game/lore.go:45.40,46.16 1 1
dungeoneer/game/lore.go:46.16,48.4 1 1
dungeoneer/game/lore.go:50.2,50.14 1 1
dungeoneer/game/lore.go:54.49,55.30 1 1
dungeoneer/game/lore.go:55.30,57.3 1 1
dungeoneer/game/lore.go:58.2,59.13 2 1
dungeoneer/game/metasave.go:47.35,48.22 1 1
dungeoneer/game/metasave.go:48.22,50.3 1 1
dungeoneer/game/metasave.go:51.2,51.23 1 1
dungeoneer/game/metasave.go:51.23,53.3 1 1
dungeoneer/game/metasave.go:54.2,54.23 1 1
dungeoneer/game/metasave.go:54.23,56.3 1 1
dungeoneer/game/metasave.go:57.2,57.19 1 1
dungeoneer/game/metasave.go:57.19,59.3 1 1
dungeoneer/game/metasave.go:63.27,65.16 2 1
dungeoneer/game/metasave.go:65.16,69.3 3 1
dungeoneer/game/metasave.go:70.2,71.49 2 1
dungeoneer/game/metasave.go:71.49,75.3 3 1
dungeoneer/game/metasave.go:76.2,77.11 2 1
dungeoneer/game/metasave.go:82.49,84.24 2 1
dungeoneer/game/metasave.go:84.24,86.3 1 1
dungeoneer/game/metasave.go:87.2,87.16 1 1
dungeoneer/game/metasave.go:87.16,89.3 1 0
dungeoneer/game/metasave.go:90.2,91.49 2 1
dungeoneer/game/metasave.go:91.49,93.3 1 1
dungeoneer/game/metasave.go:94.2,95.16 2 1
dungeoneer/game/metasave.go:99.28,101.16 2 1
dungeoneer/game/metasave.go:101.16,103.3 1 0
dungeoneer/game/metasave.go:104.2,104.44 1 1
dungeoneer/game/milestones.go:20.47,21.26 1 1
dungeoneer/game/milestones.go:21.26,23.3 1 0
dungeoneer/game/milestones.go:24.2,25.38 2 1
dungeoneer/game/milestones.go:25.38,26.33 1 1
dungeoneer/game/milestones.go:26.33,29.4 2 1
dungeoneer/game/milestones.go:31.2,34.37 4 1
dungeoneer/game/milestones.go:34.37,35.30 1 1
dungeoneer/game/milestones.go:35.30,37.9 2 1
dungeoneer/game/milestones.go:40.2,40.14 1 1
dungeoneer/game/npc.game.go:18.33,19.40 1 0
dungeoneer/game/npc.game.go:19.40,21.3 1 0
dungeoneer/game/npc.game.go:23.2,23.54 1 0
dungeoneer/game/npc.game.go:23.54,25.3 1 0
dungeoneer/game/npc.game.go:26.2,26.29 1 0
dungeoneer/game/npc.game.go:26.29,27.24 1 0
dungeoneer/game/npc.game.go:27.24,28.12 1 0
dungeoneer/game/npc.game.go:30.3,30.95 1 0
dungeoneer/game/npc.game.go:30.95,31.12 1 0
dungeoneer/game/npc.game.go:33.3,35.25 3 0
dungeoneer/game/npc.game.go:35.25,37.4 1 0
dungeoneer/game/npc.game.go:41.3,46.8 6 0
dungeoneer/game/npc.game.go:51.50,52.21 1 0
dungeoneer/game/npc.game.go:52.21,54.3 1 0
dungeoneer/game/npc.game.go:55.2,56.29 2 0
dungeoneer/game/npc.game.go:56.29,57.45 1 0
dungeoneer/game/npc.game.go:57.45,59.4 1 0
dungeoneer/game/npc.game.go:61.2,61.12 1 0
dungeoneer/game/npc.game.go:65.35,66.40 1 0
dungeoneer/game/npc.game.go:66.40,68.3 1 0
dungeoneer/game/npc.game.go:69.2,71.29 3 0
dungeoneer/game/npc.game.go:71.29,72.45 1 0
dungeoneer/game/npc.game.go:72.45,73.12 1 0
dungeoneer/game/npc.game.go:75.3,77.15 3 0
dungeoneer/game/npc.game.go:77.15,78.20 1 0
dungeoneer/game/npc.game.go:78.20,80.5 1 0
dungeoneer/game/npc.game.go:80.10,82.5 1 0
dungeoneer/game/npc.game.go:84.3,89.8 6 0
dungeoneer/game/npc.game.go:94.46,95.21 1 0
dungeoneer/game/npc.game.go:95.21,97.3 1 0
dungeoneer/game/npc.game.go:98.2,98.29 1 0
dungeoneer/game/npc.game.go:98.29,99.114 1 0
dungeoneer/game/npc.game.go:99.114,101.4 1 0
dungeoneer/game/npc.game.go:103.2,103.12 1 0
dungeoneer/game/npc.game.go:107.36,109.22 2 0
dungeoneer/game/npc.game.go:109.23,109.24 0 0
dungeoneer/game/npc.game.go:110.2,112.22 3 0
dungeoneer/game/npc.game.go:116.48,117.28 1 0
dungeoneer/game/npc.game.go:117.28,119.3 1 0
dungeoneer/game/npc.game.go:122.2,122.32 1 0
dungeoneer/game/npc.game.go:122.32,127.3 4 0
dungeoneer/game/npc.game.go:129.2,130.33 2 0
dungeoneer/game/npc.game.go:130.33,132.24 2 0
dungeoneer/game/npc.game.go:132.24,134.4 1 0
dungeoneer/game/npc.game.go:139.3,141.24 3 0
dungeoneer/game/npc.game.go:141.24,143.4 1 0
dungeoneer/game/npc.game.go:144.3,144.57 1 0
dungeoneer/game/npc.game.go:144.57,146.4 1 0
dungeoneer/game/npc.game.go:146.9,148.21 1 0
dungeoneer/game/npc.game.go:148.21,149.54 1 0
dungeoneer/game/npc.game.go:149.54,150.24 1 0
dungeoneer/game/npc.game.go:150.24,152.7 1 0
dungeoneer/game/npc.game.go:155.4,155.47 1 0
dungeoneer/game/npc.game.go:159.2,163.32 2 0
dungeoneer/game/npc.game.go:163.32,164.56 1 0
dungeoneer/game/npc.game.go:164.56,166.4 1 0
dungeoneer/game/npc.game.go:166.9,168.25 2 0
dungeoneer/game/npc.game.go:168.25,170.5 1 0
dungeoneer/game/npc.game.go:171.4,171.65 1 0
dungeoneer/game/npc.game.go:171.65,173.51 2 0
dungeoneer/game/npc.game.go:173.51,175.11 2 0
dungeoneer/game/npc.game.go:180.2,180.17 1 0
dungeoneer/game/npc.game.go:180.17,182.3 1 0
dungeoneer/game/npc.game.go:185.2,185.35 1 0
dungeoneer/game/npc.game.go:185.35,186.36 1 0
dungeoneer/game/npc.game.go:186.36,188.4 1 0
dungeoneer/game/npc.game.go:189.3,189.34 1 0
dungeoneer/game/npc.game.go:189.34,192.4 2 0
dungeoneer/game/npc.game.go:195.2,196.38 2 0
dungeoneer/game/npc.game.go:200.74,201.14 1 1
dungeoneer/game/npc.game.go:201.14,203.3 1 0
dungeoneer/game/npc.game.go:204.2,205.23 2 1
dungeoneer/game/npc.game.go:205.23,207.3 1 1
dungeoneer/game/npc.game.go:209.2,209.16 1 1
dungeoneer/game/npc.game.go:210.21,211.34 1 0
dungeoneer/game/npc.game.go:212.18,213.34 1 0
dungeoneer/game/npc.game.go:214.18,215.34 1 0
dungeoneer/game/npc.game.go:216.18,217.28 1 0
dungeoneer/game/npc.game.go:218.18,220.22 1 0
dungeoneer/game/npc.game.go:220.22,222.4 1 0
dungeoneer/game/npc.game.go:223.3,223.15 1 0
dungeoneer/game/npc.game.go:224.21,226.22 1 0
dungeoneer/game/npc.game.go:226.22,228.4 1 0
dungeoneer/game/npc.game.go:229.3,229.15 1 0
dungeoneer/game/npc.game.go:230.18,231.22 1 0
dungeoneer/game/npc.game.go:231.22,233.4 1 0
dungeoneer/game/npc.game.go:234.3,234.15 1 0
dungeoneer/game/npc.game.go:235.19,237.43 1 0
dungeoneer/game/npc.game.go:238.19,239.43 1 0
dungeoneer/game/npc.game.go:240.22,241.43 1 0
dungeoneer/game/npc.game.go:242.19,243.43 1 0
dungeoneer/game/npc.game.go:244.25,246.20 1 0
dungeoneer/game/npc.game.go:246.20,247.53 1 0
dungeoneer/game/npc.game.go:247.53,249.5 1 0
dungeoneer/game/npc.game.go:251.3,251.15 1 0
dungeoneer/game/npc.game.go:252.23,254.20 1 1
dungeoneer/game/npc.game.go:254.20,255.53 1 1
dungeoneer/game/npc.game.go:255.53,257.5 1 1
dungeoneer/game/npc.game.go:259.3,259.15 1 1
dungeoneer/game/npc.game.go:260.26,261.20 1 1
dungeoneer/game/npc.game.go:261.20,262.53 1 1
dungeoneer/game/npc.game.go:262.53,264.5 1 1
dungeoneer/game/npc.game.go:266.3,266.15 1 0
dungeoneer/game/npc.game.go:267.23,269.32 1 0
dungeoneer/game/npc.game.go:269.32,270.17 1 0
dungeoneer/game/npc.game.go:270.17,272.5 1 0
dungeoneer/game/npc.game.go:274.3,274.14 1 0
dungeoneer/game/npc.game.go:275.27,277.24 1 0
dungeoneer/game/npc.game.go:277.24,279.4 1 0
dungeoneer/game/npc.game.go:280.3,280.15 1 0
dungeoneer/game/npc.game.go:281.27,283.24 1 0
dungeoneer/game/npc.game.go:283.24,285.4 1 0
dungeoneer/game/npc.game.go:286.3,286.15 1 0
dungeoneer/game/npc.game.go:288.2,288.13 1 0
dungeoneer/game/npc.game.go:292.62,293.16 1 1
dungeoneer/game/npc.game.go:294.18,295.24 1 0
dungeoneer/game/npc.game.go:295.24,297.4 1 0
dungeoneer/game/npc.game.go:298.18,299.24 1 0
dungeoneer/game/npc.game.go:299.24,301.4 1 0
dungeoneer/game/npc.game.go:302.18,303.38 1 0
dungeoneer/game/npc.game.go:303.38,305.4 1 0
dungeoneer/game/npc.game.go:306.19,307.40 1 0
dungeoneer/game/npc.game.go:307.40,308.45 1 0
dungeoneer/game/npc.game.go:308.45,312.5 3 0
dungeoneer/game/npc.game.go:314.19,315.40 1 0
dungeoneer/game/npc.game.go:315.40,317.4 1 0
dungeoneer/game/npc.game.go:318.19,319.38 1 0
dungeoneer/game/npc.game.go:319.38,321.4 1 0
dungeoneer/game/npc.game.go:322.19,323.38 1 0
dungeoneer/game/npc.game.go:323.38,325.25 2 0
dungeoneer/game/npc.game.go:325.25,327.5 1 0
dungeoneer/game/npc.game.go:329.23,334.40 1 0
dungeoneer/game/npc.game.go:334.40,336.4 1 0
dungeoneer/game/npc.game.go:337.3,341.20 5 0
dungeoneer/game/npc.game.go:341.20,342.36 1 0
dungeoneer/game/npc.game.go:342.36,344.5 1 0
dungeoneer/game/npc.game.go:345.4,346.37 2 0
dungeoneer/game/npc.game.go:346.37,348.5 1 0
dungeoneer/game/npc.game.go:350.4,351.20 2 0
dungeoneer/game/npc.game.go:353.19,355.40 1 0
dungeoneer/game/npc.game.go:355.40,358.4 2 0
dungeoneer/game/npc.game.go:359.21,361.40 1 0
dungeoneer/game/npc.game.go:361.40,364.4 2 0
dungeoneer/game/npc.game.go:365.22,367.40 1 1
dungeoneer/game/npc.game.go:367.40,369.4 1 1
dungeoneer/game/npc.game.go:371.3,371.36 1 1
dungeoneer/game/npc.game.go:371.36,373.36 2 1
dungeoneer/game/npc.game.go:373.36,375.5 1 1
dungeoneer/game/npc.game.go:376.4,377.20 2 1
dungeoneer/game/npc.game.go:379.21,380.38 1 1
dungeoneer/game/npc.game.go:380.38,381.36 1 1
dungeoneer/game/npc.game.go:381.36,382.38 1 1
dungeoneer/game/npc.game.go:382.38,383.28 1 1
dungeoneer/game/npc.game.go:383.28,385.12 2 1
dungeoneer/game/npc.game.go:388.5,388.21 1 1
dungeoneer/game/npc.game.go:395.56,396.15 1 1
dungeoneer/game/npc.game.go:397.22,398.23 1 1
dungeoneer/game/npc.game.go:399.21,400.22 1 1
dungeoneer/game/npc.game.go:401.23,402.24 1 1
dungeoneer/game/npc.game.go:404.2,404.10 1 0
dungeoneer/game/npc.game.go:408.57,409.14 1 0
dungeoneer/game/npc.game.go:409.14,411.3 1 0
dungeoneer/game/npc.game.go:412.2,412.36 1 0
dungeoneer/game/npc.game.go:412.36,414.3 1 0
dungeoneer/game/npc.game.go:415.2,415.12 1 0
dungeoneer/game/npc.game.go:422.48,423.23 1 0
dungeoneer/game/npc.game.go:423.23,425.3 1 0
dungeoneer/game/npc.game.go:426.2,426.30 1 0
dungeoneer/game/npc.game.go:426.30,428.40 2 0
dungeoneer/game/npc.game.go:428.40,432.21 3 0
dungeoneer/game/npc.game.go:432.21,433.37 1 0
dungeoneer/game/npc.game.go:433.37,435.6 1 0
dungeoneer/game/npc.game.go:436.5,437.54 2 0
dungeoneer/game/npc.game.go:437.54,440.6 2 0
dungeoneer/game/npc.game.go:448.49,449.23 1 0
dungeoneer/game/npc.game.go:449.23,451.3 1 0
dungeoneer/game/npc.game.go:452.2,455.25 2 0
dungeoneer/game/npc.game.go:455.25,457.3 1 0
dungeoneer/game/npc.game.go:459.2,459.35 1 0
dungeoneer/game/npc.game.go:459.35,463.33 3 0
dungeoneer/game/npc.game.go:463.33,464.40 1 0
dungeoneer/game/npc.game.go:464.40,466.10 2 0
dungeoneer/game/npc.game.go:469.3,469.18 1 0
dungeoneer/game/npc.game.go:469.18,470.12 1 0
dungeoneer/game/npc.game.go:472.3,472.38 1 0
dungeoneer/game/npc.game.go:472.38,473.12 1 0
dungeoneer/game/npc.game.go:475.3,475.59 1 0
dungeoneer/game/npc.game.go:475.59,476.12 1 0
dungeoneer/game/npc.game.go:479.3,480.12 2 0
dungeoneer/game/npc.game.go:480.12,481.12 1 0
dungeoneer/game/npc.game.go:483.3,489.48 4 0
dungeoneer/game/npc.game.go:489.48,490.78 1 0
dungeoneer/game/npc.game.go:490.78,493.5 2 0
dungeoneer/game/npc.game.go:496.3,506.31 3 0
dungeoneer/game/npc.game.go:511.49,513.20 2 0
dungeoneer/game/npc.game.go:513.20,515.3 1 0
dungeoneer/game/npc.game.go:518.2,519.25 2 0
dungeoneer/game/npc.game.go:519.25,520.63 1 0
dungeoneer/game/npc.game.go:520.63,521.12 1 0
dungeoneer/game/npc.game.go:523.3,523.63 1 0
dungeoneer/game/npc.game.go:523.63,524.12 1 0
dungeoneer/game/npc.game.go:526.3,526.58 1 0
dungeoneer/game/npc.game.go:526.58,527.12 1 0
dungeoneer/game/npc.game.go:529.3,529.33 1 0
dungeoneer/game/npc.game.go:531.2,531.24 1 0
dungeoneer/game/npc.game.go:531.24,533.3 1 0
dungeoneer/game/npc.game.go:536.2,536.43 1 0
dungeoneer/game/npc.game.go:536.43,539.3 1 0
dungeoneer/game/npc.game.go:542.2,543.29 2 0
dungeoneer/game/npc.game.go:543.29,545.3 1 0
dungeoneer/game/npc.game.go:547.2,550.25 2 0
dungeoneer/game/npc.game.go:550.25,552.3 1 0
dungeoneer/game/npc.game.go:554.2,554.32 1 0
dungeoneer/game/npc.game.go:554.32,556.12 2 0
dungeoneer/game/npc.game.go:556.12,557.12 1 0
dungeoneer/game/npc.game.go:559.3,561.31 3 0
dungeoneer/game/npc.game.go:566.91,568.18 2 0
dungeoneer/game/npc.game.go:569.18,571.81 1 0
dungeoneer/game/npc.game.go:571.81,573.4 1 0
dungeoneer/game/npc.game.go:574.3,574.78 1 0
dungeoneer/game/npc.game.go:574.78,576.4 1 0
dungeoneer/game/npc.game.go:578.20,582.48 3 0
dungeoneer/game/npc.game.go:582.48,582.111 1 0
dungeoneer/game/npc.game.go:583.3,583.32 1 0
dungeoneer/game/npc.game.go:583.32,584.68 1 0
dungeoneer/game/npc.game.go:584.68,585.13 1 0
dungeoneer/game/npc.game.go:587.4,588.14 2 0
dungeoneer/game/npc.game.go:588.14,590.5 1 0
dungeoneer/game/npc.game.go:593.22,595.38 1 0
dungeoneer/game/npc.game.go:597.19,599.37 1 0
dungeoneer/game/npc.game.go:601.21,603.77 1 0
dungeoneer/game/npc.game.go:603.77,605.4 1 0
dungeoneer/game/npc.game.go:607.17,609.76 1 0
dungeoneer/game/npc.game.go:609.76,611.4 1 0
dungeoneer/game/npc.game.go:613.25,616.23 2 0
dungeoneer/game/npc.game.go:616.23,618.4 1 0
dungeoneer/game/npc.game.go:619.3,620.21 2 0
dungeoneer/game/npc.game.go:620.21,622.4 1 0
dungeoneer/game/npc.game.go:624.2,624.15 1 0
dungeoneer/game/npc.game.go:628.94,630.82 1 0
dungeoneer/game/npc.game.go:630.82,632.3 1 0
dungeoneer/game/npc.game.go:634.2,637.21 4 0
dungeoneer/game/npc.game.go:637.21,640.64 3 0
dungeoneer/game/npc.game.go:640.64,643.41 3 0
dungeoneer/game/npc.game.go:643.41,644.13 1 0
dungeoneer/game/npc.game.go:646.4,647.56 2 0
dungeoneer/game/npc.game.go:647.56,649.5 1 0
dungeoneer/game/npc.game.go:650.4,650.28 1 0
dungeoneer/game/npc.game.go:653.2,653.15 1 0
dungeoneer/game/npc.game.go:658.73,661.23 3 0
dungeoneer/game/npc.game.go:661.23,663.63 2 0
dungeoneer/game/npc.game.go:663.63,664.12 1 0
dungeoneer/game/npc.game.go:666.3,669.19 4 0
dungeoneer/game/npc.game.go:669.19,672.4 2 0
dungeoneer/game/npc.game.go:674.2,674.13 1 0
dungeoneer/game/npc.game.go:679.71,681.17 2 0
dungeoneer/game/npc.game.go:681.17,684.3 2 0
dungeoneer/game/npc.game.go:685.2,685.28 1 0
dungeoneer/game/npc.game.go:685.28,687.3 1 0
dungeoneer/game/npc.game.go:690.2,691.47 2 0
dungeoneer/game/npc.game.go:691.47,692.65 1 0
dungeoneer/game/npc.game.go:692.65,694.4 1 0
dungeoneer/game/npc.game.go:696.2,698.34 3 0
dungeoneer/game/npc.game.go:704.39,706.14 2 0
dungeoneer/game/npc.game.go:706.14,708.3 1 0
dungeoneer/game/npc.game.go:709.2,709.52 1 0
dungeoneer/game/npc.game.go:709.52,712.18 3 0
dungeoneer/game/npc.game.go:712.18,713.30 1 0
dungeoneer/game/npc.game.go:713.30,715.5 1 0
dungeoneer/game/npc.game.go:717.4,718.75 2 0
dungeoneer/game/npc.game.go:718.75,720.5 1 0
dungeoneer/game/npc.game.go:721.4,723.37 3 0
dungeoneer/game/npc.game.go:723.37,726.5 2 0
dungeoneer/game/npc.game.go:727.4,727.10 1 0
dungeoneer/game/npc.game.go:731.2,732.23 2 0
dungeoneer/game/npc.game.go:736.45,737.26 1 0
dungeoneer/game/npc.game.go:737.26,739.3 1 0
dungeoneer/game/npc.game.go:741.2,741.14 1 0
dungeoneer/game/npc.game.go:741.14,742.63 1 0
dungeoneer/game/npc.game.go:742.63,744.4 1 0
dungeoneer/game/npc.game.go:745.3,745.38 1 0
dungeoneer/game/npc.game.go:747.2,749.23 2 0
dungeoneer/game/npc.game.go:749.23,751.3 1 0
dungeoneer/game/npc.game.go:752.2,753.78 2 0
dungeoneer/game/npc.game.go:753.78,755.3 1 0
dungeoneer/game/npc.game.go:756.2,757.14 2 0
dungeoneer/game/npc.game.go:757.14,760.3 1 0
dungeoneer/game/npc.game.go:761.2,762.21 2 0
dungeoneer/game/npc.game.go:762.21,764.3 1 0
dungeoneer/game/npc.game.go:765.2,766.28 2 0
dungeoneer/game/npc.game.go:766.28,768.10 2 0
dungeoneer/game/npc.game.go:768.10,769.12 1 0
dungeoneer/game/npc.game.go:771.3,772.40 2 0
dungeoneer/game/npc.game.go:778.51,780.21 2 0
dungeoneer/game/npc.game.go:780.21,782.3 1 0
dungeoneer/game/npc.game.go:783.2,786.25 2 0
dungeoneer/game/npc.game.go:786.25,788.3 1 0
dungeoneer/game/npc.game.go:789.2,789.29 1 0
dungeoneer/game/npc.game.go:789.29,791.12 2 0
dungeoneer/game/npc.game.go:791.12,792.12 1 0
dungeoneer/game/npc.game.go:794.3,797.18 4 0
dungeoneer/game/npc.game.go:798.27,799.60 1 0
dungeoneer/game/npc.game.go:800.27,801.60 1 0
dungeoneer/game/npc.game.go:803.3,810.37 2 0
dungeoneer/game/npc.game.go:816.48,817.9 1 0
dungeoneer/game/npc.game.go:818.43,819.28 1 0
dungeoneer/game/npc.game.go:820.43,821.28 1 0
dungeoneer/game/npc.game.go:822.10,823.30 1 0
dungeoneer/game/npc.game.go:828.31,829.19 1 0
dungeoneer/game/npc.game.go:829.19,831.3 1 0
dungeoneer/game/npc.game.go:835.2,838.35 2 0
dungeoneer/game/npc.game.go:838.35,840.31 2 0
dungeoneer/game/npc.game.go:840.31,841.12 1 0
dungeoneer/game/npc.game.go:843.3,844.10 2 0
dungeoneer/game/npc.game.go:844.10,845.12 1 0
dungeoneer/game/npc.game.go:847.3,848.39 2 0
dungeoneer/game/npc.game.go:848.39,851.65 2 0
dungeoneer/game/npc.game.go:851.65,853.42 2 0
dungeoneer/game/npc.game.go:853.42,856.11 3 0
dungeoneer/game/npc.game.go:859.4,859.14 1 0
dungeoneer/game/npc.game.go:859.14,860.13 1 0
dungeoneer/game/npc.game.go:865.3,867.27 3 0
dungeoneer/game/npc.game.go:867.27,870.4 2 0
dungeoneer/game/npc.game.go:872.3,882.31 3 0
dungeoneer/game/npc.game.go:886.2,888.42 3 0
dungeoneer/game/npc.game.go:888.42,889.44 1 0
dungeoneer/game/npc.game.go:889.44,890.12 1 0
dungeoneer/game/npc.game.go:892.3,893.31 2 0
dungeoneer/game/npc.game.go:893.31,894.35 1 0
dungeoneer/game/npc.game.go:894.35,896.10 2 0
dungeoneer/game/npc.game.go:899.3,899.18 1 0
dungeoneer/game/npc.game.go:899.18,900.12 1 0
dungeoneer/game/npc.game.go:902.3,904.39 3 0
dungeoneer/game/npc.game.go:904.39,905.12 1 0
dungeoneer/game/npc.game.go:907.3,909.12 3 0
dungeoneer/game/npc_data.go:40.58,41.23 1 0
dungeoneer/game/npc_data.go:41.23,43.3 1 0
dungeoneer/game/npc_data.go:44.2,44.20 1 0
dungeoneer/game/npc_data.go:48.45,49.11 1 1
dungeoneer/game/npc_data.go:50.18,51.11 1 1
dungeoneer/game/npc_data.go:52.25,53.11 1 1
dungeoneer/game/npc_data.go:54.21,55.11 1 1
dungeoneer/game/npc_data.go:56.17,57.11 1 0
dungeoneer/game/npc_data.go:58.20,59.11 1 1
dungeoneer/game/npc_data.go:60.22,61.11 1 0
dungeoneer/game/npc_data.go:62.19,63.11 1 0
dungeoneer/game/npc_data.go:64.10,65.11 1 0
dungeoneer/game/npc_data.go:71.76,74.31 3 1
dungeoneer/game/npc_data.go:74.31,75.32 1 1
dungeoneer/game/npc_data.go:75.32,76.29 1 1
dungeoneer/game/npc_data.go:76.29,77.13 1 0
dungeoneer/game/npc_data.go:79.4,79.27 1 1
dungeoneer/game/npc_data.go:79.27,80.13 1 0
dungeoneer/game/npc_data.go:82.4,82.31 1 1
dungeoneer/game/npc_data.go:82.31,83.13 1 0
dungeoneer/game/npc_data.go:85.4,86.25 2 1
dungeoneer/game/npc_data.go:86.25,89.5 2 1
dungeoneer/game/npc_data.go:92.2,92.21 1 1
dungeoneer/game/npc_data.go:97.75,99.31 1 1
dungeoneer/game/npc_data.go:99.31,100.32 1 1
dungeoneer/game/npc_data.go:100.32,101.52 1 1
dungeoneer/game/npc_data.go:101.52,102.13 1 1
dungeoneer/game/npc_data.go:104.4,104.46 1 1
dungeoneer/game/npc_data.go:104.46,106.5 1 1
dungeoneer/game/npc_data.go:110.2,111.29 2 0
dungeoneer/game/npc_data.go:111.29,113.51 2 0
dungeoneer/game/npc_data.go:113.51,115.4 1 0
dungeoneer/game/npc_data.go:117.2,117.15 1 0
dungeoneer/game/npc_data.go:120.62,122.63 2 1
dungeoneer/game/npc_data.go:122.63,123.37 1 1
dungeoneer/game/npc_data.go:123.37,125.4 1 1
dungeoneer/game/npc_data.go:127.2,127.10 1 1
dungeoneer/game/npc_data.go:151.59,157.2 1 1
dungeoneer/game/npc_data.go:207.71,209.25 2 1
dungeoneer/game/npc_data.go:209.25,210.25 1 1
dungeoneer/game/npc_data.go:210.25,212.12 2 1
dungeoneer/game/npc_data.go:214.3,214.30 1 1
dungeoneer/game/npc_data.go:214.30,215.18 1 1
dungeoneer/game/npc_data.go:215.18,217.10 2 1
dungeoneer/game/npc_data.go:221.2,221.12 1 1
dungeoneer/game/npc_data.go:225.80,227.47 2 1
dungeoneer/game/npc_data.go:227.47,229.3 1 0
dungeoneer/game/npc_data.go:230.2,246.3 1 1
dungeoneer/game/npc_phases.go:21.60,22.15 1 1
dungeoneer/game/npc_phases.go:22.15,24.3 1 0
dungeoneer/game/npc_phases.go:25.2,26.55 2 1
dungeoneer/game/npc_phases.go:26.55,28.3 1 1
dungeoneer/game/npc_phases.go:29.2,30.81 2 1
dungeoneer/game/npc_phases.go:30.81,32.3 1 1
dungeoneer/game/npc_phases.go:33.2,33.62 1 1
dungeoneer/game/npc_phases.go:33.62,35.3 1 1
dungeoneer/game/npc_phases.go:36.2,36.13 1 1
dungeoneer/game/npc_phases.go:40.49,41.15 1 1
dungeoneer/game/npc_phases.go:41.15,43.3 1 0
dungeoneer/game/npc_phases.go:44.2,45.24 2 1
dungeoneer/game/npc_phases.go:45.24,47.3 1 1
dungeoneer/game/npc_phases.go:51.28,52.11 1 1
dungeoneer/game/npc_phases.go:52.11,54.3 1 1
dungeoneer/game/npc_phases.go:55.2,55.13 1 1
dungeoneer/game/npc_phases.go:55.13,57.3 1 1
dungeoneer/game/npc_phases.go:58.2,58.10 1 1
dungeoneer/game/options.go:19.36,24.2 1 1
dungeoneer/game/options.go:28.33,30.16 2 1
dungeoneer/game/options.go:30.16,32.3 1 1
dungeoneer/game/options.go:33.2,34.49 2 1
dungeoneer/game/options.go:34.49,36.3 1 1
dungeoneer/game/options.go:38.2,38.24 1 1
dungeoneer/game/options.go:38.24,40.3 1 1
dungeoneer/game/options.go:41.2,41.24 1 1
dungeoneer/game/options.go:41.24,43.3 1 1
dungeoneer/game/options.go:44.2,44.11 1 1
dungeoneer/game/options.go:48.30,50.16 2 1
dungeoneer/game/options.go:50.16,52.3 1 0
dungeoneer/game/options.go:53.2,53.47 1 1
dungeoneer/game/options.go:57.31,59.2 1 1
dungeoneer/game/optionsscreen.go:13.30,18.10 2 0
dungeoneer/game/optionsscreen.go:18.10,21.4 2 0
dungeoneer/game/optionsscreen.go:22.10,24.4 1 0
dungeoneer/game/optionsscreen.go:25.10,28.4 2 0
dungeoneer/game/optionsscreen.go:30.2,30.24 1 0
dungeoneer/game/optionsscreen.go:33.44,35.57 1 0
dungeoneer/game/optionsscreen.go:35.57,38.3 2 0
dungeoneer/game/optionsscreen.go:39.2,39.26 1 0
dungeoneer/game/optionsscreen.go:39.26,41.3 1 0
dungeoneer/game/optionsscreen.go:42.2,42.12 1 0
dungeoneer/game/optionsscreen.go:45.56,47.25 1 0
dungeoneer/game/optionsscreen.go:48.21,50.33 2 0
dungeoneer/game/optionsscreen.go:51.20,53.32 2 0
dungeoneer/game/optionsscreen.go:56.2,56.26 1 0
dungeoneer/game/optionsscreen.go:56.26,59.3 2 0
dungeoneer/game/optionsscreen.go:62.2,62.57 1 0
dungeoneer/game/optionsscreen.go:62.57,64.3 1 0
dungeoneer/game/particles.go:31.38,33.2 1 1
dungeoneer/game/particles.go:36.73,38.59 2 1
dungeoneer/game/particles.go:38.59,40.30 2 1
dungeoneer/game/particles.go:40.30,41.12 1 1
dungeoneer/game/particles.go:43.3,60.40 6 1
dungeoneer/game/particles.go:65.43,66.29 1 1
dungeoneer/game/particles.go:66.29,68.17 2 1
dungeoneer/game/particles.go:68.17,69.12 1 1
dungeoneer/game/particles.go:71.3,75.19 5 1
dungeoneer/game/particles.go:75.19,77.4 1 1
dungeoneer/game/particles.go:84.51,85.29 1 0
dungeoneer/game/particles.go:85.29,87.17 2 0
dungeoneer/game/particles.go:87.17,88.12 1 0
dungeoneer/game/particles.go:90.3,92.15 3 0
dungeoneer/game/particles.go:92.15,94.4 1 0
dungeoneer/game/particles.go:95.3,104.28 5 0
dungeoneer/game/particles.go:109.59,110.17 1 1
dungeoneer/game/particles.go:111.26,112.23 1 1
dungeoneer/game/particles.go:113.56,114.23 1 1
dungeoneer/game/particles.go:115.67,116.23 1 1
dungeoneer/game/particles.go:117.28,118.23 1 1
dungeoneer/game/particles.go:119.31,120.23 1 1
dungeoneer/game/particles.go:121.10,122.23 1 1
dungeoneer/game/particles.go:127.65,128.12 1 1
dungeoneer/game/particles.go:128.12,130.3 1 1
dungeoneer/game/particles.go:131.2,131.17 1 1
dungeoneer/game/particles.go:132.26,133.40 1 1
dungeoneer/game/particles.go:134.38,135.41 1 1
dungeoneer/game/particles.go:136.51,137.39 1 1
dungeoneer/game/particles.go:138.28,139.40 1 1
dungeoneer/game/particles.go:140.10,141.41 1 1
dungeoneer/game/progression.game.go:11.47,13.14 2 1
dungeoneer/game/progression.game.go:14.15,15.18 1 1
dungeoneer/game/progression.game.go:16.15,17.18 1 1
dungeoneer/game/progression.game.go:18.14,19.18 1 1
dungeoneer/game/progression.game.go:20.10,21.14 1 1
dungeoneer/game/progression.game.go:27.47,28.42 1 0
dungeoneer/game/progression.game.go:28.42,30.3 1 0
dungeoneer/game/progression.game.go:31.2,35.16 4 0
dungeoneer/game/progression.game.go:35.16,37.3 1 0
dungeoneer/game/progression.game.go:38.2,39.23 2 0
dungeoneer/game/progression.game.go:39.23,41.3 1 0
dungeoneer/game/progression.game.go:44.46,45.33 1 0
dungeoneer/game/progression.game.go:45.33,47.3 1 0
dungeoneer/game/progression.game.go:48.2,49.22 2 0
dungeoneer/game/progression.game.go:54.56,57.44 3 0
dungeoneer/game/progression.game.go:57.44,59.3 1 0
dungeoneer/game/progression.game.go:60.2,60.30 1 0
dungeoneer/game/progression.game.go:60.30,63.3 2 0
dungeoneer/game/progression.game.go:64.2,64.20 1 0
dungeoneer/game/progression.game.go:64.20,66.3 1 0
dungeoneer/game/progression.game.go:69.2,69.41 1 0
dungeoneer/game/progression.game.go:69.41,70.86 1 0
dungeoneer/game/progression.game.go:70.86,72.19 2 0
dungeoneer/game/progression.game.go:72.19,80.5 2 0
dungeoneer/game/progression.game.go:84.2,87.56 2 0
dungeoneer/game/progression.game.go:87.56,89.3 1 0
dungeoneer/game/progression.game.go:96.44,97.23 1 0
dungeoneer/game/progression.game.go:97.23,99.3 1 0
dungeoneer/game/progression.game.go:100.2,108.41 4 0
dungeoneer/game/progression.game.go:108.41,109.59 1 0
dungeoneer/game/progression.game.go:109.59,111.4 1 0
dungeoneer/game/progression.game.go:113.2,113.15 1 0
dungeoneer/game/progression.game.go:117.53,118.56 1 0
dungeoneer/game/progression.game.go:118.56,120.3 1 0
dungeoneer/game/progression.game.go:124.2,125.45 2 0
dungeoneer/game/progression.game.go:125.45,127.3 1 0
dungeoneer/game/progression.game.go:132.2,133.32 2 0
dungeoneer/game/progression.game.go:133.32,139.3 1 0
dungeoneer/game/progression.game.go:143.2,144.43 1 0
dungeoneer/game/progression.game.go:144.43,146.22 2 0
dungeoneer/game/progression.game.go:146.22,148.4 1 0
dungeoneer/game/progression.game.go:149.3,149.69 1 0
dungeoneer/game/progression.game.go:149.69,150.53 1 0
dungeoneer/game/progression.game.go:150.53,152.5 1 0
dungeoneer/game/progression.game.go:154.3,154.35 1 0
dungeoneer/game/progression.game.go:158.2,158.68 1 0
dungeoneer/game/progression.game.go:158.68,159.52 1 0
dungeoneer/game/progression.game.go:159.52,162.4 2 0
dungeoneer/game/progression.game.go:165.2,165.55 1 0
dungeoneer/game/progression.game.go:165.55,167.3 1 0
dungeoneer/game/progression.game.go:168.2,169.21 2 0
dungeoneer/game/progression.game.go:169.21,171.3 1 0
dungeoneer/game/progression.game.go:172.2,173.19 2 0
dungeoneer/game/progression.game.go:173.19,175.3 1 0
dungeoneer/game/progression.game.go:176.2,177.9 2 0
dungeoneer/game/progression.game.go:177.9,179.3 1 0
dungeoneer/game/progression.game.go:180.2,180.36 1 0
dungeoneer/game/progression.game.go:184.84,191.2 2 0
dungeoneer/game/render_collect.game.go:16.13,28.2 11 1
dungeoneer/game/render_collect.game.go:31.71,40.21 8 0
dungeoneer/game/render_collect.game.go:40.21,42.3 1 0
dungeoneer/game/render_collect.game.go:43.2,44.10 2 0
dungeoneer/game/render_collect.game.go:47.75,54.40 7 0
dungeoneer/game/render_collect.game.go:54.40,55.41 1 0
dungeoneer/game/render_collect.game.go:55.41,57.19 2 0
dungeoneer/game/render_collect.game.go:57.19,58.13 1 0
dungeoneer/game/render_collect.game.go:60.4,63.94 4 0
dungeoneer/game/render_collect.game.go:63.94,64.13 1 0
dungeoneer/game/render_collect.game.go:66.4,68.26 3 0
dungeoneer/game/render_collect.game.go:68.26,69.13 1 0
dungeoneer/game/render_collect.game.go:71.4,71.35 1 0
dungeoneer/game/render_collect.game.go:71.35,72.45 1 0
dungeoneer/game/render_collect.game.go:72.45,73.14 1 0
dungeoneer/game/render_collect.game.go:75.5,76.26 2 0
dungeoneer/game/render_collect.game.go:76.26,78.6 1 0
dungeoneer/game/render_collect.game.go:78.11,78.56 1 0
dungeoneer/game/render_collect.game.go:78.56,81.6 1 0
dungeoneer/game/render_collect.game.go:82.5,89.7 2 0
dungeoneer/game/render_collect.game.go:93.2,93.12 1 0
dungeoneer/game/render_collect.game.go:96.79,98.32 2 0
dungeoneer/game/render_collect.game.go:98.32,99.95 1 0
dungeoneer/game/render_collect.game.go:99.95,100.12 1 0
dungeoneer/game/render_collect.game.go:102.3,104.25 3 0
dungeoneer/game/render_collect.game.go:104.25,105.12 1 0
dungeoneer/game/render_collect.game.go:107.3,120.12 14 0
dungeoneer/game/render_collect.game.go:120.12,123.4 2 0
dungeoneer/game/render_collect.game.go:123.9,123.21 1 0
dungeoneer/game/render_collect.game.go:123.21,125.4 1 0
dungeoneer/game/render_collect.game.go:126.3,133.12 2 0
dungeoneer/game/render_collect.game.go:133.12,148.4 8 0
dungeoneer/game/render_collect.game.go:150.2,150.12 1 0
dungeoneer/game/render_collect.game.go:153.81,154.55 1 0
dungeoneer/game/render_collect.game.go:154.55,156.3 1 0
dungeoneer/game/render_collect.game.go:157.2,158.94 2 0
dungeoneer/game/render_collect.game.go:158.94,160.3 1 0
dungeoneer/game/render_collect.game.go:161.2,163.24 3 0
dungeoneer/game/render_collect.game.go:163.24,165.3 1 0
dungeoneer/game/render_collect.game.go:166.2,173.11 8 0
dungeoneer/game/render_collect.game.go:173.11,176.3 2 0
dungeoneer/game/render_collect.game.go:176.8,178.3 1 0
dungeoneer/game/render_collect.game.go:179.2,187.3 1 0
dungeoneer/game/render_collect.game.go:190.76,192.29 2 0
dungeoneer/game/render_collect.game.go:192.29,193.22 1 0
dungeoneer/game/render_collect.game.go:193.22,194.12 1 0
dungeoneer/game/render_collect.game.go:196.3,196.95 1 0
dungeoneer/game/render_collect.game.go:196.95,197.12 1 0
dungeoneer/game/render_collect.game.go:199.3,201.25 3 0
dungeoneer/game/render_collect.game.go:201.25,202.12 1 0
dungeoneer/game/render_collect.game.go:204.3,212.12 7 0
dungeoneer/game/render_collect.game.go:212.12,215.4 2 0
dungeoneer/game/render_collect.game.go:215.9,217.4 1 0
dungeoneer/game/render_collect.game.go:218.3,224.5 1 0
dungeoneer/game/render_collect.game.go:226.2,226.12 1 0
dungeoneer/game/render_collect.game.go:230.73,231.12 1 0
dungeoneer/game/render_collect.game.go:231.12,233.3 1 0
dungeoneer/game/render_collect.game.go:234.2,234.17 1 0
dungeoneer/game/render_collect.game.go:235.26,236.24 1 0
dungeoneer/game/render_collect.game.go:237.26,238.25 1 0
dungeoneer/game/render_collect.game.go:239.28,240.23 1 0
dungeoneer/game/render_collect.game.go:241.10,242.24 1 0
dungeoneer/game/render_collect.game.go:246.77,247.40 1 0
dungeoneer/game/render_collect.game.go:247.40,249.3 1 0
dungeoneer/game/render_collect.game.go:250.2,252.24 3 0
dungeoneer/game/render_collect.game.go:252.24,254.3 1 0
dungeoneer/game/render_collect.game.go:255.2,256.26 2 0
dungeoneer/game/render_collect.game.go:256.26,260.3 3 0
dungeoneer/game/render_collect.game.go:261.2,273.3 5 0
dungeoneer/game/render_collect.game.go:276.78,278.31 2 0
dungeoneer/game/render_collect.game.go:278.31,279.95 1 0
dungeoneer/game/render_collect.game.go:279.95,280.12 1 0
dungeoneer/game/render_collect.game.go:283.3,283.36 1 0
dungeoneer/game/render_collect.game.go:283.36,284.12 1 0
dungeoneer/game/render_collect.game.go:286.3,286.41 1 0
dungeoneer/game/render_collect.game.go:286.41,287.12 1 0
dungeoneer/game/render_collect.game.go:289.3,291.20 3 0
dungeoneer/game/render_collect.game.go:291.20,295.4 3 0
dungeoneer/game/render_collect.game.go:296.3,300.27 5 0
dungeoneer/game/render_collect.game.go:300.27,302.4 1 0
dungeoneer/game/render_collect.game.go:303.3,303.15 1 0
dungeoneer/game/render_collect.game.go:303.15,308.4 3 0
dungeoneer/game/render_collect.game.go:310.3,310.35 1 0
dungeoneer/game/render_collect.game.go:310.35,313.4 2 0
dungeoneer/game/render_collect.game.go:314.3,320.5 1 0
dungeoneer/game/render_collect.game.go:322.2,322.12 1 0
dungeoneer/game/render_collect.game.go:325.74,327.27 2 0
dungeoneer/game/render_collect.game.go:327.27,328.22 1 0
dungeoneer/game/render_collect.game.go:328.22,329.12 1 0
dungeoneer/game/render_collect.game.go:331.3,331.95 1 0
dungeoneer/game/render_collect.game.go:331.95,332.12 1 0
dungeoneer/game/render_collect.game.go:334.3,334.41 1 0
dungeoneer/game/render_collect.game.go:334.41,335.12 1 0
dungeoneer/game/render_collect.game.go:337.3,339.20 3 0
dungeoneer/game/render_collect.game.go:339.20,343.4 3 0
dungeoneer/game/render_collect.game.go:344.3,354.5 5 0
dungeoneer/game/render_collect.game.go:356.2,356.12 1 0
dungeoneer/game/render_order.game.go:18.37,20.2 1 1
dungeoneer/game/render_order.game.go:23.39,24.43 1 1
dungeoneer/game/render_order.game.go:24.43,26.3 1 1
dungeoneer/game/runsave.go:31.37,33.16 2 1
dungeoneer/game/runsave.go:33.16,35.3 1 0
dungeoneer/game/runsave.go:36.2,36.46 1 1
dungeoneer/game/runsave.go:41.38,43.24 2 1
dungeoneer/game/runsave.go:43.24,45.3 1 1
dungeoneer/game/runsave.go:46.2,46.16 1 1
dungeoneer/game/runsave.go:46.16,48.3 1 0
dungeoneer/game/runsave.go:49.2,50.50 2 1
dungeoneer/game/runsave.go:50.50,52.3 1 1
dungeoneer/game/runsave.go:53.2,53.35 1 1
dungeoneer/game/runsave.go:53.35,55.3 1 1
dungeoneer/game/runsave.go:56.2,56.17 1 1
dungeoneer/game/runsave.go:60.21,62.2 1 1
dungeoneer/game/runstate.go:61.45,71.2 2 1
dungeoneer/game/runstate.go:74.38,77.24 3 1
dungeoneer/game/runstate.go:77.24,78.7 1 1
dungeoneer/game/runstate.go:78.7,80.46 2 1
dungeoneer/game/runstate.go:80.46,83.10 3 1
dungeoneer/game/runstate.go:87.2,87.15 1 1
dungeoneer/game/runstate.go:91.66,93.33 2 1
dungeoneer/game/runstate.go:93.33,95.3 1 1
dungeoneer/game/runstate.go:98.2,99.24 2 1
dungeoneer/game/runstate.go:99.24,101.3 1 1
dungeoneer/game/runstate.go:104.2,110.63 5 1
dungeoneer/game/runstate.go:110.63,112.3 1 0
dungeoneer/game/runstate.go:114.2,143.67 2 1
dungeoneer/game/runstate.go:143.67,145.28 2 0
dungeoneer/game/runstate.go:145.28,147.4 1 0
dungeoneer/game/runstate.go:148.3,148.28 1 0
dungeoneer/game/runstate.go:148.28,150.4 1 0
dungeoneer/game/runstate.go:151.3,151.24 1 0
dungeoneer/game/runstate.go:151.24,153.4 1 0
dungeoneer/game/runstate.go:154.3,154.24 1 0
dungeoneer/game/runstate.go:154.24,156.4 1 0
dungeoneer/game/runstate.go:157.3,157.29 1 0
dungeoneer/game/runstate.go:157.29,159.4 1 0
dungeoneer/game/runstate.go:160.3,160.30 1 0
dungeoneer/game/runstate.go:160.30,162.4 1 0
dungeoneer/game/runstate.go:163.3,163.30 1 0
dungeoneer/game/runstate.go:163.30,165.4 1 0
dungeoneer/game/runstate.go:168.2,168.12 1 1
dungeoneer/game/runstate.go:172.40,174.2 1 1
dungeoneer/game/runstate.go:177.45,179.2 1 1
dungeoneer/game/screenshake.go:13.50,16.18 3 1
dungeoneer/game/screenshake.go:16.18,18.3 1 1
dungeoneer/game/screenshake.go:22.42,23.44 1 1
dungeoneer/game/screenshake.go:23.44,25.3 1 1
dungeoneer/game/screenshake.go:26.2,28.49 3 1
dungeoneer/game/screenshake.go:32.51,34.2 1 1
dungeoneer/game/screenshake.go:37.53,38.20 1 1
dungeoneer/game/screenshake.go:38.20,40.21 2 1
dungeoneer/game/screenshake.go:40.21,42.4 1 1
dungeoneer/game/screenshake.go:43.8,43.27 1 1
dungeoneer/game/screenshake.go:43.27,45.21 2 1
dungeoneer/game/screenshake.go:45.21,47.4 1 1
dungeoneer/game/screenshake.go:49.2,49.14 1 1
dungeoneer/game/spells.game.go:19.36,20.37 1 0
dungeoneer/game/spells.game.go:20.37,22.3 1 0
dungeoneer/game/spells.game.go:23.2,23.34 1 0
dungeoneer/game/spells.game.go:23.34,24.35 1 0
dungeoneer/game/spells.game.go:24.35,34.30 9 0
dungeoneer/game/spells.game.go:34.30,36.5 1 0
dungeoneer/game/spells.game.go:37.9,39.4 1 0
dungeoneer/game/spells.game.go:45.60,46.38 1 0
dungeoneer/game/spells.game.go:46.38,47.58 1 0
dungeoneer/game/spells.game.go:47.58,49.4 1 0
dungeoneer/game/spells.game.go:52.2,60.41 2 0
dungeoneer/game/spells.game.go:60.41,61.39 1 0
dungeoneer/game/spells.game.go:61.39,62.45 1 0
dungeoneer/game/spells.game.go:62.45,64.5 1 0
dungeoneer/game/spells.game.go:67.2,67.12 1 0
dungeoneer/game/spells.game.go:71.48,72.19 1 1
dungeoneer/game/spells.game.go:73.18,74.20 1 1
dungeoneer/game/spells.game.go:75.19,76.20 1 1
dungeoneer/game/spells.game.go:77.19,78.21 1 1
dungeoneer/game/spells.game.go:79.25,80.26 1 1
dungeoneer/game/spells.game.go:81.23,82.24 1 1
dungeoneer/game/spells.game.go:83.24,84.25 1 1
dungeoneer/game/spells.game.go:85.22,86.24 1 1
dungeoneer/game/spells.game.go:87.21,88.23 1 1
dungeoneer/game/spells.game.go:89.10,90.19 1 1
dungeoneer/game/spells.game.go:94.31,96.36 2 0
dungeoneer/game/spells.game.go:96.36,99.57 3 0
dungeoneer/game/spells.game.go:99.57,102.4 2 0
dungeoneer/game/spells.game.go:104.3,105.42 2 0
dungeoneer/game/spells.game.go:105.42,106.18 1 0
dungeoneer/game/spells.game.go:106.18,107.23 1 0
dungeoneer/game/spells.game.go:107.23,109.45 1 0
dungeoneer/game/spells.game.go:109.45,112.45 3 0
dungeoneer/game/spells.game.go:112.45,115.8 2 0
dungeoneer/game/spells.game.go:117.11,119.35 1 0
dungeoneer/game/spells.game.go:119.35,120.19 1 0
dungeoneer/game/spells.game.go:120.19,121.16 1 0
dungeoneer/game/spells.game.go:124.7,128.40 4 0
dungeoneer/game/spells.game.go:128.40,133.13 5 0
dungeoneer/game/spells.game.go:139.3,139.49 1 0
dungeoneer/game/spells.game.go:139.49,140.25 1 0
dungeoneer/game/spells.game.go:140.25,143.5 2 0
dungeoneer/game/spells.game.go:145.3,145.51 1 0
dungeoneer/game/spells.game.go:145.51,146.42 1 0
dungeoneer/game/spells.game.go:146.42,148.5 1 0
dungeoneer/game/spells.game.go:150.3,150.49 1 0
dungeoneer/game/spells.game.go:150.49,151.41 1 0
dungeoneer/game/spells.game.go:151.41,153.5 1 0
dungeoneer/game/spells.game.go:155.3,155.47 1 0
dungeoneer/game/spells.game.go:155.47,157.4 1 0
dungeoneer/game/spells.game.go:158.3,158.47 1 0
dungeoneer/game/spells.game.go:158.47,159.27 1 0
dungeoneer/game/spells.game.go:159.27,162.5 2 0
dungeoneer/game/spells.game.go:164.3,164.44 1 0
dungeoneer/game/spells.game.go:164.44,166.4 1 0
dungeoneer/game/spells.game.go:167.3,167.23 1 0
dungeoneer/game/spells.game.go:167.23,169.4 1 0
dungeoneer/game/spells.game.go:171.2,172.26 2 0
dungeoneer/game/spells.game.go:177.39,179.39 2 0
dungeoneer/game/spells.game.go:179.39,183.3 3 0
dungeoneer/game/spells.game.go:184.2,184.21 1 0
dungeoneer/game/spells.game.go:184.21,189.3 4 0
dungeoneer/game/spells.game.go:192.2,202.38 6 0
dungeoneer/game/spells.game.go:202.38,203.79 1 0
dungeoneer/game/spells.game.go:203.79,204.33 1 0
dungeoneer/game/spells.game.go:204.33,206.10 2 0
dungeoneer/game/spells.game.go:210.2,210.16 1 0
dungeoneer/game/spells.game.go:210.16,215.3 4 0
dungeoneer/game/spells.game.go:218.2,218.16 1 0
dungeoneer/game/spells.game.go:218.16,220.31 2 0
dungeoneer/game/spells.game.go:220.31,224.4 3 0
dungeoneer/game/spells.game.go:226.2,226.38 1 0
dungeoneer/game/spells.game.go:226.38,232.3 5 0
dungeoneer/game/spells.game.go:235.2,236.28 2 0
dungeoneer/game/spells.game.go:236.28,238.32 2 0
dungeoneer/game/spells.game.go:238.32,239.16 1 0
dungeoneer/game/spells.game.go:239.16,240.13 1 0
dungeoneer/game/spells.game.go:242.4,242.44 1 0
dungeoneer/game/spells.game.go:242.44,243.73 1 0
dungeoneer/game/spells.game.go:243.73,245.6 1 0
dungeoneer/game/spells.game.go:251.69,255.15 4 0
dungeoneer/game/spells.game.go:256.9,259.13 3 0
dungeoneer/game/spells.game.go:260.9,263.13 3 0
dungeoneer/game/spells.game.go:264.9,267.13 3 0
dungeoneer/game/spells.game.go:270.2,271.31 2 0
dungeoneer/game/spells.game.go:271.31,272.15 1 0
dungeoneer/game/spells.game.go:272.15,273.12 1 0
dungeoneer/game/spells.game.go:275.3,277.35 3 0
dungeoneer/game/spells.game.go:277.35,278.50 1 0
dungeoneer/game/spells.game.go:278.50,279.59 1 0
dungeoneer/game/spells.game.go:279.59,281.6 1 0
dungeoneer/game/spells.game.go:282.5,282.36 1 0
dungeoneer/game/spells.game.go:282.36,284.6 1 0
dungeoneer/game/spells.game.go:289.2,289.33 1 0
dungeoneer/game/spells.game.go:289.33,291.3 1 0
dungeoneer/game/spells.game.go:294.56,296.24 2 0
dungeoneer/game/spells.game.go:296.24,297.29 1 0
dungeoneer/game/spells.game.go:297.29,298.12 1 0
dungeoneer/game/spells.game.go:300.3,300.29 1 0
dungeoneer/game/spells.game.go:300.29,302.4 1 0
dungeoneer/game/spells.game.go:303.3,303.43 1 0
dungeoneer/game/spells.game.go:303.43,305.4 1 0
dungeoneer/game/spells.game.go:307.2,307.13 1 0
dungeoneer/game/spells.game.go:310.48,311.21 1 1
dungeoneer/game/spells.game.go:311.21,313.3 1 0
dungeoneer/game/spells.game.go:314.2,315.27 2 1
dungeoneer/game/spells.game.go:318.57,319.21 1 1
dungeoneer/game/spells.game.go:319.21,321.3 1 0
dungeoneer/game/spells.game.go:322.2,324.19 3 1
dungeoneer/game/spells.game.go:324.19,326.3 1 0
dungeoneer/game/spells.game.go:327.2,328.16 2 1
dungeoneer/game/spells.game.go:328.16,330.3 1 0
dungeoneer/game/spells.game.go:331.2,331.29 1 1
dungeoneer/game/spells.game.go:335.52,337.19 2 1
dungeoneer/game/spells.game.go:338.18,339.15 1 1
dungeoneer/game/spells.game.go:340.19,341.16 1 0
dungeoneer/game/spells.game.go:342.19,343.15 1 0
dungeoneer/game/spells.game.go:344.25,345.16 1 0
dungeoneer/game/spells.game.go:346.23,347.16 1 0
dungeoneer/game/spells.game.go:348.24,349.16 1 0
dungeoneer/game/spells.game.go:350.22,351.15 1 0
dungeoneer/game/spells.game.go:352.10,353.15 1 0
dungeoneer/game/spells.game.go:355.2,355.21 1 1
dungeoneer/game/spells.game.go:355.21,357.3 1 0
dungeoneer/game/spells.game.go:358.2,360.14 3 1
dungeoneer/game/spells.game.go:360.14,362.3 1 0
dungeoneer/game/spells.game.go:363.2,363.13 1 1
dungeoneer/game/spells.game.go:368.41,369.71 1 0
dungeoneer/game/spells.game.go:369.71,371.3 1 0
dungeoneer/game/spells.game.go:372.2,373.41 2 0
dungeoneer/game/spells.game.go:373.41,375.3 1 0
dungeoneer/game/spells.game.go:376.2,378.57 2 0
dungeoneer/game/spells.game.go:378.57,380.3 1 0
dungeoneer/game/spells.game.go:384.2,391.19 7 0
dungeoneer/game/spells.game.go:392.18,393.46 1 0
dungeoneer/game/spells.game.go:394.19,395.46 1 0
dungeoneer/game/spells.game.go:396.19,397.45 1 0
dungeoneer/game/spells.game.go:398.25,399.44 1 0
dungeoneer/game/spells.game.go:400.23,401.42 1 0
dungeoneer/game/spells.game.go:402.24,403.43 1 0
dungeoneer/game/spells.game.go:404.22,405.49 1 0
dungeoneer/game/spells.game.go:408.2,408.10 1 0
dungeoneer/game/spells.game.go:408.10,410.31 2 0
dungeoneer/game/spells.game.go:410.31,412.4 1 0
dungeoneer/game/spells.game.go:413.3,413.21 1 0
dungeoneer/game/spells.game.go:413.21,414.21 1 0
dungeoneer/game/spells.game.go:415.20,416.44 1 0
dungeoneer/game/spells.game.go:417.40,418.45 1 0
dungeoneer/game/spells.game.go:419.21,420.41 1 0
dungeoneer/game/spells.game.go:421.12,422.43 1 0
dungeoneer/game/spells.game.go:431.64,432.21 1 0
dungeoneer/game/spells.game.go:432.21,434.3 1 0
dungeoneer/game/spells.game.go:436.2,436.9 1 0
dungeoneer/game/spells.game.go:437.42,438.46 1 0
dungeoneer/game/spells.game.go:438.46,440.4 1 0
dungeoneer/game/spells.game.go:441.3,441.29 1 0
dungeoneer/game/spells.game.go:442.42,443.46 1 0
dungeoneer/game/spells.game.go:443.46,445.4 1 0
dungeoneer/game/spells.game.go:446.3,446.29 1 0
dungeoneer/game/spells.game.go:447.10,449.29 1 0
dungeoneer/game/spells.game.go:453.49,464.13 5 0
dungeoneer/game/spells.game.go:464.13,466.3 1 0
dungeoneer/game/spells.game.go:468.2,474.20 3 0
dungeoneer/game/spells.game.go:474.20,476.3 1 0
dungeoneer/game/spells.game.go:477.2,486.25 7 0
dungeoneer/game/spells.game.go:489.57,492.12 3 0
dungeoneer/game/spells.game.go:492.12,494.3 1 0
dungeoneer/game/spells.game.go:495.2,495.31 1 0
dungeoneer/game/spells.game.go:495.31,496.15 1 0
dungeoneer/game/spells.game.go:496.15,497.12 1 0
dungeoneer/game/spells.game.go:499.3,499.42 1 0
dungeoneer/game/spells.game.go:499.42,500.58 1 0
dungeoneer/game/spells.game.go:500.58,502.5 1 0
dungeoneer/game/spells.game.go:503.4,503.35 1 0
dungeoneer/game/spells.game.go:503.35,505.5 1 0
dungeoneer/game/spells.game.go:510.49,513.14 3 0
dungeoneer/game/spells.game.go:513.14,515.3 1 0
dungeoneer/game/spells.game.go:516.2,518.20 3 0
dungeoneer/game/spells.game.go:518.20,520.3 1 0
dungeoneer/game/spells.game.go:521.2,521.31 1 0
dungeoneer/game/spells.game.go:521.31,523.3 1 0
dungeoneer/game/spells.game.go:524.2,532.47 6 0
dungeoneer/game/spells.game.go:535.45,536.31 1 0
dungeoneer/game/spells.game.go:536.31,537.15 1 0
dungeoneer/game/spells.game.go:537.15,538.12 1 0
dungeoneer/game/spells.game.go:540.3,542.25 1 0
dungeoneer/game/spells.game.go:542.25,545.14 3 0
dungeoneer/game/spells.game.go:545.14,547.5 1 0
dungeoneer/game/spells.game.go:548.4,550.12 3 0
dungeoneer/game/spells.game.go:550.12,552.5 1 0
dungeoneer/game/spells.game.go:557.102,561.54 2 0
dungeoneer/game/spells.game.go:561.54,563.3 1 0
dungeoneer/game/spells.game.go:564.2,564.20 1 0
dungeoneer/game/spells.game.go:564.20,566.3 1 0
dungeoneer/game/spells.game.go:567.2,567.45 1 0
dungeoneer/game/spells.game.go:567.45,569.3 1 0
dungeoneer/game/spells.game.go:570.2,576.13 7 0
dungeoneer/game/spells.game.go:580.95,581.21 1 0
dungeoneer/game/spells.game.go:581.21,583.3 1 0
dungeoneer/game/spells.game.go:586.2,586.93 1 0
dungeoneer/game/spells.game.go:586.93,588.3 1 0
dungeoneer/game/spells.game.go:590.2,591.13 2 0
dungeoneer/game/spells.game.go:591.13,593.3 1 0
dungeoneer/game/spells.game.go:594.2,594.31 1 0
dungeoneer/game/spells.game.go:594.31,595.15 1 0
dungeoneer/game/spells.game.go:595.15,596.12 1 0
dungeoneer/game/spells.game.go:598.3,601.78 4 0
dungeoneer/game/spells.game.go:601.78,605.69 4 0
dungeoneer/game/spells.game.go:605.69,607.5 1 0
dungeoneer/game/spells.game.go:608.4,608.35 1 0
dungeoneer/game/spells.game.go:608.35,610.5 1 0
dungeoneer/game/spells.game.go:611.4,611.10 1 0
dungeoneer/game/spells.game.go:617.52,618.46 1 0
dungeoneer/game/spells.game.go:618.46,620.3 1 0
dungeoneer/game/spells.game.go:621.2,623.42 2 0
dungeoneer/game/spells.game.go:623.42,625.3 1 0
dungeoneer/game/spells.game.go:628.2,638.49 9 0
dungeoneer/game/spells.game.go:641.99,643.20 2 0
dungeoneer/game/spells.game.go:643.20,645.3 1 0
dungeoneer/game/spells.game.go:646.2,649.13 4 0
dungeoneer/game/spells.game.go:652.99,654.20 2 0
dungeoneer/game/spells.game.go:654.20,656.3 1 0
dungeoneer/game/spells.game.go:657.2,661.13 5 0
dungeoneer/game/spells.game.go:664.88,666.20 2 0
dungeoneer/game/spells.game.go:666.20,668.3 1 0
dungeoneer/game/spells.game.go:669.2,672.13 4 0
dungeoneer/game/spells.game.go:675.87,677.20 2 0
dungeoneer/game/spells.game.go:677.20,679.3 1 0
dungeoneer/game/spells.game.go:680.2,683.13 4 0
dungeoneer/game/spells.game.go:686.85,688.20 2 0
dungeoneer/game/spells.game.go:688.20,690.3 1 0
dungeoneer/game/spells.game.go:691.2,694.13 4 0
dungeoneer/game/spells.game.go:697.86,699.20 2 0
dungeoneer/game/spells.game.go:699.20,701.3 1 0
dungeoneer/game/spells.game.go:702.2,714.13 4 0
dungeoneer/game/spells.game.go:718.57,720.31 2 0
dungeoneer/game/spells.game.go:720.31,721.15 1 0
dungeoneer/game/spells.game.go:721.15,722.12 1 0
dungeoneer/game/spells.game.go:724.3,726.39 3 0
dungeoneer/game/spells.game.go:726.39,729.70 3 0
dungeoneer/game/spells.game.go:729.70,730.70 1 0
dungeoneer/game/spells.game.go:730.70,732.6 1 0
dungeoneer/game/spells.game.go:733.5,733.36 1 0
dungeoneer/game/spells.game.go:733.36,735.6 1 0
dungeoneer/game/spells.game.go:736.5,736.10 1 0
dungeoneer/game/spells.game.go:742.67,745.24 3 1
dungeoneer/game/spells.game.go:745.24,747.3 1 1
dungeoneer/game/spells.game.go:748.2,749.11 2 1
dungeoneer/game/spells.game.go:749.11,751.3 1 1
dungeoneer/game/spells.game.go:751.8,751.18 1 1
dungeoneer/game/spells.game.go:751.18,753.3 1 0
dungeoneer/game/spells.game.go:754.2,756.39 3 1
dungeoneer/game/spells.game.go:760.76,763.31 3 0
dungeoneer/game/spells.game.go:763.31,764.15 1 0
dungeoneer/game/spells.game.go:764.15,765.12 1 0
dungeoneer/game/spells.game.go:767.3,769.35 3 0
dungeoneer/game/spells.game.go:769.35,770.50 1 0
dungeoneer/game/spells.game.go:770.50,771.59 1 0
dungeoneer/game/spells.game.go:771.59,773.6 1 0
dungeoneer/game/spells.game.go:777.2,777.33 1 0
dungeoneer/game/spells.game.go:777.33,779.3 1 0
dungeoneer/game/spells.game.go:783.70,786.31 3 0
dungeoneer/game/spells.game.go:786.31,787.15 1 0
dungeoneer/game/spells.game.go:787.15,788.12 1 0
dungeoneer/game/spells.game.go:790.3,792.35 3 0
dungeoneer/game/spells.game.go:792.35,793.50 1 0
dungeoneer/game/spells.game.go:793.50,794.59 1 0
dungeoneer/game/spells.game.go:794.59,796.6 1 0
dungeoneer/game/spells.game.go:800.2,800.33 1 0
dungeoneer/game/spells.game.go:800.33,802.3 1 0
dungeoneer/game/spells.game.go:805.68,806.40 1 0
dungeoneer/game/spells.game.go:806.40,808.3 1 0
dungeoneer/game/spells.game.go:810.2,813.22 4 0
dungeoneer/game/spells.game.go:813.22,815.3 1 0
dungeoneer/game/spells.game.go:818.2,819.14 2 0
dungeoneer/game/spells.game.go:819.14,821.3 1 0
dungeoneer/game/spells.game.go:822.2,826.31 3 0
dungeoneer/game/spells.game.go:826.31,828.3 1 0
dungeoneer/game/spells.game.go:829.2,832.18 3 0
dungeoneer/game/spells.game.go:832.18,834.3 1 0
dungeoneer/game/spells.game.go:836.2,837.34 2 0
dungeoneer/game/spells.game.go:837.34,839.3 1 0
dungeoneer/game/spells.game.go:841.2,847.4 1 0
dungeoneer/game/transition.go:28.54,35.2 1 1
dungeoneer/game/transition.go:38.39,40.2 1 1
dungeoneer/game/transition.go:44.47,48.2 3 1
dungeoneer/game/transition.go:52.36,56.2 3 1
dungeoneer/game/transition.go:59.36,61.2 1 1
dungeoneer/game/transition.go:64.41,65.31 1 1
dungeoneer/game/transition.go:65.31,67.3 1 1
dungeoneer/game/transition.go:68.2,69.17 2 1
dungeoneer/game/transition.go:70.25,71.30 1 1
dungeoneer/game/transition.go:71.30,74.27 3 1
dungeoneer/game/transition.go:74.27,76.5 1 1
dungeoneer/game/transition.go:78.22,79.27 1 1
dungeoneer/game/transition.go:79.27,82.4 2 1
dungeoneer/game/transition.go:83.24,84.29 1 1
dungeoneer/game/transition.go:84.29,87.4 2 1
dungeoneer/game/transition.go:92.49,93.31 1 0
dungeoneer/game/transition.go:93.31,95.3 1 0
dungeoneer/game/transition.go:96.2,96.22 1 0
dungeoneer/game/transition.go:96.22,98.3 1 0
dungeoneer/game/transition.go:99.2,100.17 2 0
dungeoneer/game/transition.go:101.25,102.42 1 0
dungeoneer/game/transition.go:103.22,104.14 1 0
dungeoneer/game/transition.go:105.24,106.45 1 0
dungeoneer/game/transition.go:108.2,108.16 1 0
dungeoneer/game/transition.go:108.16,110.3 1 0
dungeoneer/game/transition.go:111.2,114.33 4 0
dungeoneer/game/upgrades.go:22.46,25.4 2 1
dungeoneer/game/upgrades.go:32.46,35.4 2 0
dungeoneer/game/upgrades.go:42.46,45.4 2 0
dungeoneer/game/upgrades.go:52.46,55.4 2 0
dungeoneer/game/upgrades.go:62.46,65.4 2 0
dungeoneer/game/upgrades.go:72.46,73.26 1 1
dungeoneer/game/upgrades.go:73.26,75.5 1 0
dungeoneer/game/upgrades.go:76.4,76.30 1 1
dungeoneer/game/upgrades.go:82.43,83.36 1 1
dungeoneer/game/upgrades.go:83.36,84.17 1 1
dungeoneer/game/upgrades.go:84.17,86.4 1 1
dungeoneer/game/upgrades.go:88.2,88.12 1 1
dungeoneer/game/upgrades.go:93.57,94.34 1 1
dungeoneer/game/upgrades.go:94.34,96.3 1 1
dungeoneer/game/upgrades.go:97.2,97.42 1 1
dungeoneer/game/upgrades.go:97.42,99.3 1 1
dungeoneer/game/upgrades.go:100.2,100.12 1 0
